BC,LUTnr,tCount,Reads,Peptide,mCount,Mode
TAGGAAGCCTTAAGGATACCAATCTTC,seq_11107,2,GCCGTGGTGAACGAGAGCCTG,AVVNESL,2,Def
TCGAAACAAACAAATCTACACATAATG,seq_37935,2,CCCATGAAGGCCCTGTACCCC,PMKALYP,2,Def
TCGAAACAAACCAGTCAGCACGCCCTG,seq_4843,3,AACATCGAGAGCACCTTCGTG,NIESTFV,3,Def
TCGAAACAAACCCTCACACAAACAAGC,seq_9542,2,TACATCAGCATGGGCAAGAGC,YISMGKS,2,Def
TCGAAACAAAGCTTCAATCCCTCGAAC,seq_26412,2,CCCACCGACCCCCCCAGCGCC,PTDPPSA,2,Def
TCGAAACAAGTATACAATCGCTCAAAG,seq_20374,2,CAGGCCCTGAGCTACGCCCTG,QALSYAL,2,Def
TCGAAACAATCCCAGCCGGGAGGGTGC,seq_2986,2,ACCAGCGCCAACATCAGCAGC,TSANISS,2,Def
TCGAAACACATCAACGCTTATATAAGT,seq_13370,2,GTGCGGGCCGGCTGCGTGAAC,VRAGCVN,2,Def
TCGAAACACATCTAGCTACAAACCAAG,seq_26721,2,ACCGTGAACAGCCTGATCAGC,TVNSLIS,2,Def
TCGAAACACATGCAGAAAGATGTACTC,seq_23453,2,ATCGCCTACCCCACCCTGAGC,IAYPTLS,2,Def
TCGAAACACGCACACAATCCCTCAAGC,seq_32829,2,CAGGCCGTGCCCCCCCGGCCC,QAVPPRP,2,Def
TCGAAACACGTATATAATCATACGAGT,seq_17196,2,GACAGCGCCCCCAACCTGACC,DSAPNLT,2,Def
TCGAAACACTCCTTCGAGTAATGGCTC,seq_38483,2,GTGACCGACATGGTGATGCGG,VTDMVMR,2,Def
TCGAAACATACCTGTCCACACAGACAG,seq_3258,2,GTGAGCAGCCACCGGCTGGAC,VSSHRLD,2,Def
TCGAAACATAGAATCCTATAAGTCCTG,seq_33814,2,CGGCTGGCCCACGGCCGGGTG,RLAHGRV,2,Def
TCGAAACATGCATGCGCTTGTTGAATC,seq_32625,2,GGCGGCACCGGCGGCAACGTG,GGTGGNV,2,Def
TCGAAACCAAGGTTTAAACATTCGAAT,seq_5047,2,TGGGAGAGCGACCCCAGCGGC,WESDPSG,2,Def
TCGAAACCAATACGCACAGACACACAG,seq_20886,2,TTCAGCTGGACCCTGCTGGAC,FSWTLLD,2,Def
TCGAAACCATCCTTGCCACAAACATAC,seq_33870,2,GCCGCCGGCTACCTGGACGTG,AAGYLDV,2,Def
TCGAAACCCACACACACACATTCAATG,seq_37682,2,AACCGGAACGACGGCCGGCTG,NRNDGRL,2,Def
TCGAAACCCACACTCGATCCATCCCAG,seq_24192,2,GAGGACAGCGCCCTGCTGGAG,EDSALLE,2,Def
TCGAAACCCACCTAGCTAGAAATCCAC,seq_9544,2,TACCTGGACGCCGCCAACATG,YLDAANM,2,Def
TCGAAACCCATGATCCTGCCAACATTT,seq_20290,2,ACCTGGGAGAACCACTGCACC,TWENHCT,2,Def
TCGAAACCCGGCTGGATATCAACCTAC,seq_659,2,CAGCGGAGCGGCAGCCACGAG,QRSGSHE,2,Def
TCGAAACCCTCAAGTAAACATTCATAG,seq_16916,2,TTCGTGAAGGCCCTGACCACC,FVKALTT,2,Def
TCGAAACCCTCACATAATGCCGCGTTC,seq_3931,2,GACGGCCGGGGCCTGGTGCTG,DGRGLVL,2,Def
TCGAAACCCTCGAACGTGGCCACGCAC,seq_33635,2,AGCCCCGGCGGCGACAGCGGC,SPGGDSG,2,Def
TCGAAACCCTCGAATCAATGTGCCAAT,seq_2160,3,CTGCTGAGCACCATCGAGGTG,LLSTIEV,3,Def
TCGAAACCCTGACATCTATCAACACAC,seq_3416,2,GACGACCTGGGCACCGACGTG,DDLGTDV,2,Def
TCGAAACCTACCCAGGCTCCCTTCTAG,seq_13267,4,GACTGGGAGGACCGGTACTAC,DWEDRYY,4,Def
TCGAAACCTATATTTATATATTTAATC,seq_16611,2,TACACCTACGGCGCCCCCCCC,YTYGAPP,2,Def
TCGAAACCTTCCTATAAATATTTACAT,seq_36972,3,TGCGAGGGCCACGCCCGGGAG,CEGHARE,3,Def
TCGAAACGAAGCTTCGTAGGAGCAAGT,seq_27102,2,GTGGTGCTGCTGAGCGTGAGC,VVLLSVS,2,Def
TCGAAACGAGCCTATAATGGCATACGC,seq_26171,2,GCCTTCGGCGAGGAGGTGCAC,AFGEEVH,2,Def
TCGAAACGATCACAGCCATCATTGTGC,seq_35176,2,GTGCCCGTGGCCGCCGACAAC,VPVAADN,2,Def
TCGAAACGATGCCGCCCACGAACACTC,seq_24139,2,GCCGCCAGCACCTGGACCAGC,AASTWTS,2,Def
TCGAAACGCACAAACGTGGACGTACTC,seq_3030,3,CCCGGCCCCGTGACCGAGGTG,PGPVTEV,3,Def
TCGAAACGCAGGAATCATTAATGGAAC,seq_28667,2,AGCACCCAGGCCGCCATCGAC,STQAAID,2,Def
TCGAAACGCTGCAATCAGCCCAGGTTG,seq_20399,2,GCCCTGGTGGCCACCCCCCCC,ALVATPP,2,Def
TCGAAACGTGCCAACGATCCCAGAAGT,seq_31580,2,CTGATCGCCTACCAGCCCCTG,LIAYQPL,2,Def
TCGAAAGAAACAAACCCATCAACACAC,seq_5316,2,CTGGACGAGGACCAGAAGGTG,LDEDQKV,2,Def
TCGAAAGAAATAAGGGTACATACGAAT,seq_14466,2,AGCGAGAAGAGCACCAACCTG,SEKSTNL,2,Def
TCGAAAGAAGCGTACACGCAAACGCAT,seq_10716,2,AACACCCAGGAGACCGAGACC,NTQETET,2,Def
TCGAAAGACACACTTATATCCACCTGC,seq_35586,2,GTGATGGGCGCCCTGCCCGGC,VMGALPG,2,Def
TCGAAAGACGGCAATCCACGTGCCAAT,seq_15074,2,GCCCCCGACCGGGAGGGCCTG,APDREGL,2,Def
TCGAAAGACTCCTAGACGCCAATAAAC,seq_8459,2,GTGGAGAGCGCCTGCCCCCGG,VESACPR,2,Def
TCGAAAGATACCTTCCCACACATCTGG,seq_2771,2,GGCGTGAAGCGGGTGGTGATG,GVKRVVM,2,Def
TCGAAAGATTGCAGTACGCCATCCCTC,seq_12897,3,CACACCACCACCGGCGGCAGC,HTTTGGS,3,Def
TCGAAAGCAGGCATGACACGCTCCATC,seq_28445,2,GACGTGGGCAACCTGAGCCAG,DVGNLSQ,2,Def
TCGAAAGCCACCAACGCATCTTTAAGG,seq_35084,2,GGCGAGATCCAGGCCACCTGG,GEIQATW,2,Def
TCGAAAGCCGGCAATCATCCCATATAC,seq_37173,2,ACCCCCTACGAGCTGACCCCC,TPYELTP,2,Def
TCGAAAGCTACCTTCGCATAAGGCAAC,seq_25342,2,AACGTGACCTTCATGGCCTGG,NVTFMAW,2,Def
TCGAAAGGATGACATGCGCCCTTAAGC,seq_39265,2,CTGCTGCGGGTGACCGACGGC,LLRVTDG,2,Def
TCGAAAGGCACACGTCAGCCCACCCTC,seq_5263,2,AACGTGACCGAGACCTTCAAC,NVTETFN,2,Def
TCGAAATAAGGCCTCCAGTCATGATAC,seq_40712,2,GAGCGGCTGCCCGCCAAGTAC,ERLPAKY,2,Def
TCGAAATAATCCTACACGTAAACCTAG,seq_39146,2,CCCGGCCAGTTCGGCGACATC,PGQFGDI,2,Def
TCGAAATAATGCAAGCATGACTCCTAG,seq_32002,2,CTGAACCCCCTGGGCTGGCTG,LNPLGWL,2,Def
TCGAAATACGGAAAGGATTGCTCCAAT,seq_12425,2,GGCGGCGAGCCCCCCAGCCCC,GGEPPSP,2,Def
TCGAAATACTGATAGCCGCGATCCATT,seq_31620,2,CGGGCCAGCGCCACCGGCCCC,RASATGP,2,Def
TCGAAATACTTGTGCACGGAATCACAG,seq_19802,2,CTGCTGCGGAGCCCCGGCCGG,LLRSPGR,2,Def
TCGAAATATACCCACCAAGCCACCCAC,seq_17456,2,GTGTGGATCAAGGACTTCAAC,VWIKDFN,2,Def
TCGAAATATACGCATCAAGCAGGATGT,seq_32954,2,GACCAGGTGCCCTGGCTGGCC,DQVPWLA,2,Def
TCGAAATATAGATTCACTTGATGAATG,seq_38158,2,GAGGAGGGCGGCGACTTCGAC,EEGGDFD,2,Def
TCGAAATATTGACACAAATCCTTGAAC,seq_19060,3,GGCGCCGACGGCGTGGGCAAC,GADGVGN,3,Def
TCGAAATCAGCCCATCAACCTTCAAAG,seq_37815,2,GCCTTCGACACCCTGCCCATC,AFDTLPI,2,Def
TCGAAATCATTAAAGGATTATGGACTG,seq_36888,2,CTGACCTACCTGACCGCCACC,LTYLTAT,2,Def
TCGAAATCCACGTACGCACAAACCCAT,seq_7626,2,GTGGACCTGGACAACGTGCTG,VDLDNVL,2,Def
TCGAAATCCAGCTATCCAGCCATCCAC,seq_20682,2,GGCGACACCTTCGACCTGATG,GDTFDLM,2,Def
TCGAAATCCATCCTGCCGCCATCAATT,seq_22209,2,ACCCTGAAGGACGCCTGGGAG,TLKDAWE,2,Def
TCGAAATCCATGCACCCGTGATCCAAT,seq_15867,2,CTGCCCGAGGGCACCCCCGCC,LPEGTPA,2,Def
TCGAAATCCTCCCATATATCATCACAG,seq_13480,2,ACCCAGGACGGCGGCAGCAGC,TQDGGSS,2,Def
TCGAAATCCTTATATACGGAATGCTTG,seq_8391,2,AAGTGGGTGAGCAACCTGCCC,KWVSNLP,2,Def
TCGAAATCTACCAGTCAGCCCTGGAGC,seq_11202,2,GCCGGCTTCGCCATCCTGCGG,AGFAILR,2,Def
TCGAAATCTATCATCCAACGCGTCAAT,seq_3949,2,GGCCGGCCCAGCCACGAGGCC,GRPSHEA,2,Def
TCGAAATCTGCATATACACCCACGCTT,seq_25247,2,CAGAACGGCACCATCGGCGCC,QNGTIGA,2,Def
TCGAAATGATGGATCGCATCTTTCTAG,seq_41683,2,CGGCGGCTGACCCGGCCCGCC,RRLTRPA,2,Def
TCGAAATGCACCAACCTACCCTTCATC,seq_16623,2,ACCTTCCGGGGCCGGGTGCTG,TFRGRVL,2,Def
TCGAAATGTGTAAAGCCACACGTCCAG,seq_32710,2,CACACCAAGAAGCGGCAGATC,HTKKRQI,2,Def
TCGAAGCACGCCTGTACGTGTACCCAC,seq_14932,2,AACCCCGTGGAGAGCGGCTGC,NPVESGC,2,Def
TCGAAGCGCTGCAATACATACATCCAT,seq_29663,2,TTCGAGCACCCCCACATCCAG,FEHPHIQ,2,Def
TCGAAGGAAACCTATCCGTCCGTACTG,seq_2322,2,AGCACCGCCACCCTGTGCCTG,STATLCL,2,Def
TCGAAGGACACACTGCCATCTTGCAGT,seq_20256,2,CTGTTCAGCCCCGGCGAGACC,LFSPGET,2,Def
TCGAAGGACACGCACCCAGCAGCCCGC,seq_9684,2,GACAAGCTGTTCGCCGTGTGG,DKLFAVW,2,Def
TCGAAGGACGTATATATTGGATTAATT,seq_22814,2,GAGACCCAGGCCAGCCCCCCC,ETQASPP,2,Def
TCGAAGGCAAGCCATACATAAAGCTTT,seq_37646,2,ACCGCCGACTTCAACCGGAAC,TADFNRN,2,Def
TCGAAGGCATCGTGCGAATGCACAAAG,seq_20815,2,GGCGCCTGCGCCATCACCTAC,GACAITY,2,Def
TCGAAGGCCACAAATAAAGATTTACGG,seq_38522,2,TACAAGGACCTGAAGATCGAC,YKDLKID,2,Def
TCGAAGGCCAGACAGCCATAAGTCATC,seq_31374,2,GGCAAGGACCACCAGGTGCTG,GKDHQVL,2,Def
TCGAAGGCCATATGCAAGTGTTTCATT,seq_39042,2,GACCGGGTGGTGCTGACCAGC,DRVVLTS,2,Def
TCGAAGGCCATCATTGAGTACTCACTT,seq_27512,2,GTGGCCACCAGCAGCAGCAAC,VATSSSN,2,Def
TCGAAGGCCATGTTTACGTACGTAATT,seq_24318,2,GGCGTGAGCTGCGCCGTGAAC,GVSCAVN,2,Def
TCGAAGGCCGGCAACCCGTGCACACTC,seq_20626,2,AACCACCCCGGCGGCTGCGAG,NHPGGCE,2,Def
TCGAAGGCCTGCAACACTCCAACCTGT,seq_6815,2,GTGATCAACGCCCCCAACAGC,VINAPNS,2,Def
TCGAAGGCTATGTACACACATGCATAC,seq_621,2,TACGGCGTGCCCGTGTGGAAG,YGVPVWK,2,Def
TCGAAGGCTTTGCGTGTACCTAGCCTT,seq_3882,2,AAGGGCCTGGGCATCAGCTAC,KGLGISY,2,Def
TCGAAGTAATGAATCGCGCGTGGACTT,seq_36739,2,CGGCACCAGAAGCTGGTGTTC,RHQKLVF,2,Def
TCGAAGTATAGACGGGCATCATGGTAC,seq_28066,2,ATCCTGAGCGCCCTGGAGATC,ILSALEI,2,Def
TCGAAGTCCATCAGTCAACATACAAGT,seq_35345,2,AACAGCATGCGGATCAGCAGC,NSMRISS,2,Def
TCGAAGTCCTCGCATACTTACGCGATC,seq_29075,2,CTGTGCGAGAACCCCGAGTGG,LCENPEW,2,Def
TCGAAGTCTGCCAAGGTTCATACACTG,seq_34483,2,GAGCAGCGGGAGCGGGCCCGG,EQRERAR,2,Def
TCGAAGTGAACAAGCACGCCAACATTG,seq_36259,2,ACCAGCCCCCGGCACCTGAGC,TSPRHLS,2,Def
TCGAAGTGAACAATTCCATATATACTC,seq_514,2,GTGGGCCTGGCCGTGGTGCTG,VGLAVVL,2,Def
TCGAAGTGCATCTTTAATTATACCAGG,seq_41175,2,CTGACCGCCCGGCTGGAGAGC,LTARLES,2,Def
TCGAATCAAATGAACATAGCAGCGTTG,seq_5408,2,CCCGTGAAGGACATCTTCACC,PVKDIFT,2,Def
TCGAATCAATGAAATAAAGGAACGAAG,seq_7482,2,CACGCCCACATCTGCTACGCC,HAHICYA,2,Def
TCGAATCACGTGAGTATACGAATCCTT,seq_40070,2,CTGCACGCCGAGGGCACCGCC,LHAEGTA,2,Def
TCGAATCACTGAAACAATGCTGTAAGT,seq_570,2,CCCCACAGCACCATGGAGCGG,PHSTMER,2,Def
TCGAATCATGGCCACCCGCATGCACGT,seq_14194,2,TTCGCCATCCTGCTGCTGCTG,FAILLLL,2,Def
TCGAATCCAACCTATACGTCCTTATAC,seq_26054,2,GACCGGTGGGCCGACATCCTG,DRWADIL,2,Def
TCGAATCCAGCATGCCATTCTACCTTG,seq_11659,2,GTGTGGTGCGACCGGCGGGAC,VWCDRRD,2,Def
TCGAATCCAGCGCACCCACGCTCCTAG,seq_19969,2,GGCAAGCCCGGCATCCGGCTG,GKPGIRL,2,Def
TCGAATCCCAGCTGTACGCCCATGATC,seq_7594,2,GACCTGACCAACAGCCACAAC,DLTNSHN,2,Def
TCGAATCCCGCCTATCATTGTACATTC,seq_39584,2,ACCGCCACCGTGCGGAACCCC,TATVRNP,2,Def
TCGAATCCCGGCAATGAATCAATGCAT,seq_25270,2,GTGATCACCAAGCTGGGCAGC,VITKLGS,2,Def
TCGAATCCTAGGTTTCCAGCCACAATC,seq_27534,2,AGCCCCTTCCCCGCCCTGGTG,SPFPALV,2,Def
TCGAATCGAACGTACCATTATTTGATG,seq_9634,2,GTGAACGGCGCCAACTTCCCC,VNGANFP,2,Def
TCGAATCGCATCCAGACGTGTGGGTTG,seq_10757,2,CTGGAGGTGACCTTCATGTTC,LEVTFMF,2,Def
TCGAATGACACATGCCCATCCGGAATC,seq_6727,2,GTGGAGGAGCGGGCCCCCGAC,VEERAPD,2,Def
TCGAATGACACGCGTACACACTGCAAC,seq_8953,2,CACCGGCGGTACCTGGACCCC,HRRYLDP,2,Def
TCGAATGACACGTAGCCAGACTGCAAT,seq_15781,2,CCCCGGGGCGACGACGGCGCC,PRGDDGA,2,Def
TCGAATGATACCCAGACTTCTACGTGT,seq_1858,2,CGGACCCACGGCACCCTGGAG,RTHGTLE,2,Def
TCGAATGATATGCACCCAGAATGCCAC,seq_18723,2,AGCGCCGGCGACGACTTCACC,SAGDDFT,2,Def
TCGAATGATTTGCTTACTTAAACAAAC,seq_10347,2,CCCAAGACCTACCTGCTGGGC,PKTYLLG,2,Def
TCGAATGCCACGATCCAAGGTATCATT,seq_21257,3,GAGGAGCGGTACAAGATCCAG,EERYKIQ,3,Def
TCGAATGCCACGCGCATGCATACCCAC,seq_33381,2,CCCGGCGCCGACATGCAGCAG,PGADMQQ,2,Def
TCGAATGCCGTATGCCCATAAATGATT,seq_29608,2,GGCAAGGCCTTCAGCACCACC,GKAFSTT,2,Def
TCGAATGCCTTATACACTCACACAAAG,seq_36182,2,CCCGTGGTGAGCGGCGACACC,PVVSGDT,2,Def
TCGAATGCTATAAACATAGACTTCCAT,seq_19865,2,CCCGAGATCGCCGAGCGGCCC,PEIAERP,2,Def
TCGAATGGAATAAATATACAAAGACGC,seq_22376,2,ACCTTCACCTGGACCCTGAGC,TFTWTLS,2,Def
TCGAATGGCTCACAGCAATAATTACGG,seq_33021,2,GCCACCGGCGGCGTGCTGGCC,ATGGVLA,2,Def
TCGAATTAAGTGTACGCACACTCAATC,seq_4054,2,GGCCGGGGCCTGGTGCTGCCC,GRGLVLP,2,Def
TCGAATTACGGACATAAAGGCACGCTC,seq_24603,2,ACCATCCCCTACCAGGGCAGC,TIPYQGS,2,Def
TCGAATTATGTATATCCATAAATCAAC,seq_13925,2,GCCCACAAGATGGTGGCCCCC,AHKMVAP,2,Def
TCGAATTATGTATTGCCGCGAAGCTTC,seq_25327,2,GTGAACGTGACCTTCATGGCC,VNVTFMA,2,Def
TCGAATTATTCATACATATACAGCATT,seq_20370,3,AGCCGGCCCTGGGTGCGGGGC,SRPWVRG,3,Def
TCGAATTCAATGAGTAAACGCATAAAT,seq_14748,2,GCCAAGGTGCTGATCACCTAC,AKVLITY,2,Def
TCGAATTCCACAAGTATACACTCACTC,seq_19298,2,GTGGCCGAGCTGAAGCGGAGC,VAELKRS,2,Def
TCGAATTCCACACACCATGACACGCAT,seq_10833,3,CTGATCGACGTGAACGCCAAG,LIDVNAK,3,Def
TCGAATTCCTTCTTGCCACAAACATAT,seq_21010,2,GTGCCCGGCGTGACCCGGCTG,VPGVTRL,2,Def
TCGAATTCTTCAAACGCACGATCGTAG,seq_27229,2,CCCCTGCCCCAGGACCCCGTG,PLPQDPV,2,Def
TCGAATTCTTGAAGTCAATCCACCATT,seq_9688,2,GACGGCGCCGTGCTGGCCGGC,DGAVLAG,2,Def
TCGAATTGAATCCACGATCCCATACGT,seq_13604,2,GCCATCGACATCCGGGGCCAC,AIDIRGH,2,Def
TCGACACAAAGAAACACGCAAAGATAC,seq_35443,2,CCCGGCACCTGCTACAGCCGG,PGTCYSR,2,Def
TCGACACAAATACACCAATATTTGATG,seq_35654,2,CGGCACGCCATGGCCCCCGCC,RHAMAPA,2,Def
TCGACACAAATCTACACGTCAATAAAT,seq_26630,2,CTGTTCGGCGCCATCGCCGGC,LFGAIAG,2,Def
TCGACACAATCCCATCCTCGTATGTAT,seq_39713,2,GCCGGCAACCGGCTGGGCCCC,AGNRLGP,2,Def
TCGACACACACAAGTCAACATACACTC,seq_16566,2,CAGTGGACCGTGTACCCCCAC,QWTVYPH,2,Def
TCGACACACACCAGCCTGTCAATATAT,seq_7017,3,TTCCAGACCCCCAGCGTGCCC,FQTPSVP,3,Def
TCGACACATGTCAATAATTAAACCCAG,seq_12199,2,ACCGACATCAAGGGCAAGGAG,TDIKGKE,2,Def
TCGACACCAAGATTGCCTGACAGAATT,seq_3873,2,TGGAACATGCAGAACGGCAAG,WNMQNGK,2,Def
TCGACACCAAGGATCGCACATATACGC,seq_34844,2,TACAAGCCCGTGGACCTGAGC,YKPVDLS,2,Def
TCGACACCAGCACATATGCCAGGCAAC,seq_39973,2,CAGGTGCGGCGGGCCGCCAAC,QVRRAAN,2,Def
TCGACACCCACAAGTCCTCAAGCGATT,seq_21357,2,CCCACCTACAACAACCACCTG,PTYNNHL,2,Def
TCGACACCCATCTTTAAACCCATCCAT,seq_24502,2,AGCGAGACCAGCCGGGGCACC,SETSRGT,2,Def
TCGACACCCGTAAGGAATTCAGCATAC,seq_28507,2,GTGGGCAACCTGAGCCAGGTG,VGNLSQV,2,Def
TCGACACCCTCACGTACATAAATACGG,seq_30132,2,CACGGCGCCCTGCGGCTGGGC,HGALRLG,2,Def
TCGACACCCTGCCTGACGTAATCGCTC,seq_36754,2,GCCCGGGGCGGCCTGGGCCCC,ARGGLGP,2,Def
TCGACACCTACGTACCAGCATATACGG,seq_38975,2,TTCGCCGGCGCCGACCACGTG,FAGADHV,2,Def
TCGACACCTGCCCGCCCATCCTGATAG,seq_23697,2,CGGCCCGAGCTGGCCCCCGAG,RPELAPE,2,Def
TCGACACCTGCGTATAATGCCACCAAG,seq_39387,2,GAGGCCGTGCGGGGCGCCCCC,EAVRGAP,2,Def
TCGACACCTTCACTCGATGGCACCTAC,seq_33314,2,CACATGCCCCCCGACACCCCC,HMPPDTP,2,Def
TCGACACCTTCGCTGCCTGCCTGCAAC,seq_17833,2,GAGGCCGACCCCGTGACCTTC,EADPVTF,2,Def
TCGACACGAAGATGCGAACATTCGAAT,seq_4390,2,CTGAAGCAGGACCCCGACAAG,LKQDPDK,2,Def
TCGACACGCATATGCCAGCATGCCATC,seq_14992,2,GCCCTGGTGAACAGCACCCTG,ALVNSTL,2,Def
TCGACAGAAAGAAACCTACATGGACTC,seq_41072,2,CCCCACCCCGACGCCCGGATC,PHPDARI,2,Def
TCGACAGACACCAACACAGCTAGATAG,seq_5460,2,TACGAGGCCCCCAGCGTGATC,YEAPSVI,2,Def
TCGACAGACAGCTAGAATCATACAAAT,seq_39761,2,GCCCACCGGGTGCTGGTGGAC,AHRVLVD,2,Def
TCGACAGACGTCTTTCTACATGTATGC,seq_30725,2,ATCCTGACCTTCGACCGGAAC,ILTFDRN,2,Def
TCGACAGACTCGCGGCCTCACAGAATC,seq_3365,2,TGCACCAACCTGAGCGGCTTC,CTNLSGF,2,Def
TCGACAGACTGACAGCAACCATTATAC,seq_30368,2,GACCACCCCGGCCTGGCCACC,DHPGLAT,2,Def
TCGACAGATATCAACGCTTGATCAAGC,seq_39274,2,GCCCTGTACCACCAGCTGAAG,ALYHQLK,2,Def
TCGACAGATGCCCTCCTTTACTTATAG,seq_9399,2,ACCGTGCTGTTCCGGTACTGC,TVLFRYC,2,Def
TCGACAGATTGCCAGGTTCATTCGAGC,seq_19605,2,GGCCGGATCTGGATCCAGGGC,GRIWIQG,2,Def
TCGACAGCAACACGCCTGCACACGCAG,seq_31016,2,AGCGACATCCGGGACCTGTAC,SDIRDLY,2,Def
TCGACAGCAGCCATCATACATAGCAAC,seq_2612,2,AGCACCGTGGGCCGGCTGTGC,STVGRLC,2,Def
TCGACAGCATGAAGCCATCATGTACAG,seq_2474,2,GTGCCCGGCCCCATCAACCCC,VPGPINP,2,Def
TCGACAGCCACATATCATCATTTGCGC,seq_38578,2,TTCACCGGCGTGTACCCCTTC,FTGVYPF,2,Def
TCGACAGCCATAAACCAACCTTTAAAT,seq_14036,2,AACTACAGCGCCCAGGTGGGC,NYSAQVG,2,Def
TCGACAGGATGACGCACAGAAACATGT,seq_35144,2,ACCCAGGCCGGCGTGGCCGGC,TQAGVAG,2,Def
TCGACAGGTGCAATCCATGAATGGAAT,seq_19947,2,CGGGTGCGGGTGTTCCGGCCC,RVRVFRP,2,Def
TCGACATACAGATTCAAATATGCAAAT,seq_31923,2,GAGCTGTACGTGCGGGAGTAC,ELYVREY,2,Def
TCGACATACAGCCTCCATGATGCCCTT,seq_41573,2,CGGAGCCTGGCCCGGGCCACC,RSLARAT,2,Def
TCGACATACGGGCACCCATCCTGACAC,seq_14957,2,CAGCTGGCCGAGGAGCCCGTG,QLAEEPV,2,Def
TCGACATACTGACATCCAGGAATAATT,seq_29335,2,TACGCCGAGGACCCCTACGCC,YAEDPYA,2,Def
TCGACATATACGCATCCTCCATGCAAC,seq_30347,2,TTCTACGAGAGCGGCATCGTG,FYESGIV,2,Def
TCGACATATATCAACCTATCAGGCAGC,seq_31998,2,CCCACCCACCGGCACATCAAG,PTHRHIK,2,Def
TCGACATATGCACGTCTACAATTGATT,seq_23357,3,GACACCACCAACGCCACCCAG,DTTNATQ,3,Def
TCGACATCAACCATGACGTCCTCAATC,seq_37151,2,CGGGCCGACGCCAACGCCGCC,RADANAA,2,Def
TCGACATCAAGGTATAATCACTCCCAT,seq_17754,2,GCCGTGTTCTTCGTGGCCGTG,AVFFVAV,2,Def
TCGACATCAGCAATTAATTATACCATT,seq_28199,2,AAGGACCGGACCGGCAACGAC,KDRTGND,2,Def
TCGACATCATCAAGCCTGGAAAGCAGG,seq_32116,2,CTGTTCCTGGTGCTGCGGGTG,LFLVLRV,2,Def
TCGACATCATGACAGCATGACACACTC,seq_17348,2,CTGAGCGTGCTGCCCGCCGCC,LSVLPAA,2,Def
TCGACATCCAGATTTCATCCTACACAT,seq_36198,2,GCCGTGGAGGCCAAGCGGATC,AVEAKRI,2,Def
TCGACATCCTGACATAAACCAAGCCTC,seq_41212,2,GTGCCCGCCGCCGCCACCCAC,VPAAATH,2,Def
TCGACATCTATATTCAAACACTGCAAG,seq_36582,2,GGCACCGCCCACGGCCACCCC,GTAHGHP,2,Def
TCGACATGAACCATGCCACCTGTGCAT,seq_11354,2,CACGCCGGCAGCCTGCTGGTG,HAGSLLV,2,Def
TCGACATGAAGAAATAAGCGAACCTAG,seq_15251,2,TACGACGCCAGCACCAGCCTG,YDASTSL,2,Def
TCGACATGAATGAAGACTGAAATATTG,seq_13275,2,GCCTACGAGGACGAGGTGAGC,AYEDEVS,2,Def
TCGACATGAGTCATCCCTTGTTTGTAC,seq_21221,2,AGCGCCCCCGGCATGCTGATC,SAPGMLI,2,Def
TCGACATGATTACACATGCCTACCCGC,seq_35245,2,AACGGCAACCTGCCCCTGGCC,NGNLPLA,2,Def
TCGACATGCACCTACAAACGCATAAAC,seq_12741,2,CGGGTGCGGGCCCAGGACCGG,RVRAQDR,2,Def
TCGACATGCGTAATGACTTAATTAATG,seq_18683,2,GGCAGCGACGGCAAGACCACC,GSDGKTT,2,Def
TCGACATGCGTCCAGGCGGCCGCCAAC,seq_38804,2,CGGGCCCACACCGCCAGCGCC,RAHTASA,2,Def
TCGACGCACACATACATGTCTTTCCGT,seq_26376,2,CTGCCCAGCCGGGGCTGCCTG,LPSRGCL,2,Def
TCGACGCACGCAAACACTCATTTAAAT,seq_17359,2,GCCATCCCCGAGTACTGCCTG,AIPEYCL,2,Def
TCGACGCACTTCTGCAATGCCTCCTAC,seq_40638,2,GCCCGGCTGCAGGCCCTGTTC,ARLQALF,2,Def
TCGACGCCAACAAACAATTCATTCCAT,seq_4512,2,GAGCCCGCCGGCGCCCCCGCC,EPAGAPA,2,Def
TCGACGCCAACACACCAACCTTGATGT,seq_34625,2,TTCAGCAGCGGCCAGCCCAGC,FSSGQPS,2,Def
TCGACGCGCGCGCATCAACAATCGTAG,seq_494,2,GACGTGATCGAGAGCAGCATC,DVIESSI,2,Def
TCGACGCGTACCTATCTAGAATGCAGC,seq_29450,2,ATCGAGAAGACCAACGAGAAG,IEKTNEK,2,Def
TCGACGCGTAGCCTGGATGCAACCAAT,seq_36339,2,ACCCCCGTGCCCGCCGACCCC,TPVPADP,2,Def
TCGACGGACACGCATGAAGGCTGACAC,seq_36924,2,ACCGAGGTGCAGCGGCGGAAC,TEVQRRN,2,Def
TCGACGGACGTGATTCATGATATCTGT,seq_38071,2,TGCCACCAGCCCGCCAACTTC,CHQPANF,2,Def
TCGACGGATGCGCGCCTACACACCCTT,seq_27609,2,GCCACCGGCCTGGCCCTGGTG,ATGLALV,2,Def
TCGACGGCAAGCTGTGAGGATGCCAAC,seq_17181,2,CGGCAGACCCTGGTGCAGCTG,RQTLVQL,2,Def
TCGACGGCAATCTATAATGAAGCAAAT,seq_8875,2,CCCTTCCAGGTGCCCCCCGAC,PFQVPPD,2,Def
TCGACGTAAACCAATACACGAAGCCAC,seq_34564,2,CCCCGGAGCGGCTTCGACGTG,PRSGFDV,2,Def
TCGACGTACTGCAGGGATGCCATATAC,seq_30406,2,CCCGACGTGTACAAGCAGATC,PDVYKQI,2,Def
TCGACGTATATACGTCTTTCTGCACGT,seq_31051,3,AAGACCCCCGTGGGCGCCGCC,KTPVGAA,3,Def
TCGACGTCAACCAATGCTGAATTCCTT,seq_23887,2,TTCCTGCGGAGCTGGCTGAAC,FLRSWLN,2,Def
TCGACGTCAATATAGGAATACACCTAG,seq_35516,2,GTGCACCTGGCCGCCGCCACC,VHLAAAT,2,Def
TCGACGTCATTGCGTAAGGGAGCATGG,seq_22704,2,CTGCAGTACGACAAGCCCTAC,LQYDKPY,2,Def
TCGACTCAAAGCTATAAACAAAGGAAC,seq_15155,2,GAGCGGATCATGATCCGGAGC,ERIMIRS,2,Def
TCGACTCAAATGTTGCCTTCTGCCCGT,seq_18131,2,CGGACCCCCTGCGACATCTTC,RTPCDIF,2,Def
TCGACTCAATCACTCCCTTGAGCATTG,seq_16205,2,GCCCCCGCCTTCGAGACCGCC,APAFETA,2,Def
TCGACTCAATTATGCACATGAACCCTC,seq_12501,2,GAGTTCATCACCGAGGGCTTC,EFITEGF,2,Def
TCGACTCACGCCCTGCCTTAAGCACAC,seq_30037,2,CGGTACGGCGACAGCGACGGC,RYGDSDG,2,Def
TCGACTCACTGGAGCACTTCTTCGCGT,seq_22996,2,GTGTTCGACCCCGCCCAGATC,VFDPAQI,2,Def
TCGACTCCAACGTAGGATTATTGCCTG,seq_20838,2,AGCAAGCTGCGGCGGCGGCGG,SKLRRRR,2,Def
TCGACTCCAATGCTCCATCGCTCCTAC,seq_7404,2,CCCGGCCTGGACACCTTCCTG,PGLDTFL,2,Def
TCGACTCCAGCGCATGAATAATTCTAC,seq_17199,2,GACGACCTGAGCGTGGAGGCC,DDLSVEA,2,Def
TCGACTCCAGGCCAGCAAGCCTCGATC,seq_17140,2,TGCTGCGCCCTGGGCCCCGGC,CCALGPG,2,Def
TCGACTCCATTGTTTATTTAAATCCAC,seq_28865,2,AAGGCCGCCATGTTCCCCCTG,KAAMFPL,2,Def
TCGACTCCCACAAACAAACATAGATGC,seq_24513,2,CGGCCCGGCTACTACCAGCTG,RPGYYQL,2,Def
TCGACTCCCACCATTACTCGCTCAAAG,seq_7271,2,GTGACCCGGCCCATGAGCGTG,VTRPMSV,2,Def
TCGACTCCCGGACTCCTGCAAGTAAGT,seq_10278,2,GAGCTGACCTTCACCAACGAC,ELTFTND,2,Def
TCGACTCCCGTAAGGGTACCATGGAAG,seq_30009,2,TGCATCGGCAAGGACGCCCGG,CIGKDAR,2,Def
TCGACTCCCTCAAAGATACGATCGAGC,seq_32922,2,GCCGTGGGCGGCGTGCTGCTG,AVGGVLL,2,Def
TCGACTCCCTCAAATCCACAAATCCAT,seq_25146,2,AGCCACCAGAACGGCACCATC,SHQNGTI,2,Def
TCGACTCCCTCACTTCCTTACACCATT,seq_13563,2,ACCGGCGGCACCGTGAGCCTG,TGGTVSL,2,Def
TCGACTCCCTCCAATAAACATGTGAAC,seq_3377,2,ACCAACCTGAGCGGCTTCAGC,TNLSGFS,2,Def
TCGACTCCCTTCAGCCTTCCTTCATTG,seq_29947,3,GCCCAGCGGCTGGCCGCCCTG,AQRLAAL,3,Def
TCGACTCCTTGCTTTGCTGCAAGCCAC,seq_21925,2,CGGTTCGACGTGCCCAGCAGC,RFDVPSS,2,Def
TCGACTCGAACCCACCTGGACTTAATC,seq_8145,2,CGGGTGCTGCTGAGCGACAGC,RVLLSDS,2,Def
TCGACTCGAACCTGGGAACATACCAAC,seq_8740,2,AACAGCATGCTGGCCGCCGTG,NSMLAAV,2,Def
TCGACTCGCATAAATGCAGGATGGATT,seq_34905,2,AAGTGGCAGTACAACAGCCCC,KWQYNSP,2,Def
TCGACTGAAATCTAGATATCCACCAAG,seq_22284,2,CGGTACTTCAACATCTTCGAC,RYFNIFD,2,Def
TCGACTGAAGCACACGTGCACACAATG,seq_8994,2,GAGATCTTCCTGTACCTGACC,EIFLYLT,2,Def
TCGACTGACTGCCTGCCTCGCATCTAC,seq_38258,2,GCCCAGCGGGCCGCCATCCCC,AQRAAIP,2,Def
TCGACTGGAAGCAGCCCACCTAGCCAC,seq_25188,2,AACTGGCACATCCCCAGCATC,NWHIPSI,2,Def
TCGACTTAAACACATACTCCCACGTGC,seq_39981,2,CGGCGGGCCGCCAACCAGCCC,RRAANQP,2,Def
TCGACTTAAATGAGCATGGCCAGCCAC,seq_35828,2,AAGGAGGTGCCCGCCCTGACC,KEVPALT,2,Def
TCGACTTACATACACCATTACTCAAAC,seq_37741,2,TGCCTGCGGCTGCTGCCCTGC,CLRLLPC,2,Def
TCGACTTACGGCCAGGCAGACTGCAAC,seq_28510,2,TACCGGAACGCCGTGGTGGAG,YRNAVVE,2,Def
TCGACTTATAGGTATCTTCATGTCCAC,seq_32504,3,GACGGCCCCATGGTGCCCGCC,DGPMVPA,3,Def
TCGACTTCAATACAGCATCGATTCCAC,seq_41553,2,AGCAGCCGGGCCAGCGCCGCC,SSRASAA,2,Def
TCGACTTCCACGATTCATGACTCCATT,seq_35379,2,TTCAGCCCCTGCGCCGCCAGC,FSPCAAS,2,Def
TCGACTTCCGTCTTGGAACACTTCAAC,seq_35220,2,GACAGCGCCACCGGCCTGGCC,DSATGLA,2,Def
TCGACTTCCTCATAGCAGGATATGCAG,seq_31214,2,TACCCCGACGCCGTGTACCTG,YPDAVYL,2,Def
TCGACTTCCTTCAACATGCCAATCATT,seq_39260,2,GAGCTGCTGCGGGTGACCGAC,ELLRVTD,2,Def
TCGACTTCTGCGTTCAAACATACCTAT,seq_9301,2,ACCAAGCGGGCCAGCAAGCTG,TKRASKL,2,Def
TCGACTTGTACACGTAATTCCACCTAC,seq_6823,2,TACCAGAACTTCAGCATCAGC,YQNFSIS,2,Def
TCGACTTGTACCTACACATCTACGCTC,seq_6964,2,CCCCGGCGGGTGGTGCGGCAC,PRRVVRH,2,Def
TCGATACAAATACACCCAGACTGACAT,seq_10613,2,GGCAGCGAGTTCTGCGGCGAG,GSEFCGE,2,Def
TCGATACAAGCCCACGTACCAGCCCAT,seq_21232,2,CACACCACCGACCTGAAGTAC,HTTDLKY,2,Def
TCGATACAATTCCTTGTATACAGAAAT,seq_14019,2,GTGTTCCCCGGCGGCAAGTGC,VFPGGKC,2,Def
TCGATACCAAGAAAGCATGATTTCCAT,seq_36293,2,CTGACCACCCGGCCCGGCAGC,LTTRPGS,2,Def
TCGATACCCACGAATCAACACATCCAT,seq_41389,2,CCCTTCGACGCCAGCCTGCTG,PFDASLL,2,Def
TCGATACCCATCCTCCCTGGAGCACGC,seq_5126,2,GGCAGCGCCGCCAGCCCCGAG,GSAASPE,2,Def
TCGATACCCTGAAATCCACGAGTGCAT,seq_18848,2,TACGTGAGCGTGGTGACCAGC,YVSVVTS,2,Def
TCGATACCTACACGCAAGGCCTCAAGG,seq_39778,2,CGGCGGGCCGGCATGGACCAC,RRAGMDH,2,Def
TCGATACCTGTACGCACGTATTTGCGT,seq_40192,2,TTCCAGGAGGCCTACCCCCTG,FQEAYPL,2,Def
TCGATACCTTCCCTCACTGGTAGATTG,seq_34971,2,AACAGCCCCCTGGTGCCCCGG,NSPLVPR,2,Def
TCGATACCTTCGAACACGTCTTCACTT,seq_39622,2,ACCCCCTTCCTGCTGCAGTTC,TPFLLQF,2,Def
TCGATACGAACCATTCCGTATTTCCAT,seq_16038,2,GAGGACGACAACGACGAGGGC,EDDNDEG,2,Def
TCGATACGAACGCATAAAGAAGCGCGC,seq_33242,2,TTCGCCCGGCGGCGGCGGCTG,FARRRRL,2,Def
TCGATACGAATGTGGATTCACACACAT,seq_8618,2,GAGGTGGAGAGCAAGGCCGAG,EVESKAE,2,Def
TCGATACGATCATGTCATTGCTTCTAT,seq_26459,2,AGCACCATCCAGGTGTTCACC,STIQVFT,2,Def
TCGATACGCATATACCCTCACACGATC,seq_38168,2,CGGTTCGACCGGGTGTACGCC,RFDRVYA,2,Def
TCGATACGCATCAGTATACCATTGAGC,seq_40364,2,ACCGAGCCCCTGGCCCGGCTG,TEPLARL,2,Def
TCGATAGACACCAGCAAATCCACATAC,seq_14883,2,CGGCCCGTGGACCAGTACAGC,RPVDQYS,2,Def
TCGATAGACAGACACCAACCCATCATT,seq_39094,2,GCCCTGGGCGCCAACTACTTC,ALGANYF,2,Def
TCGATAGACGCACATCATCAATCAAAC,seq_28665,2,TTCCGGTTCAGCAGCGACGCC,FRFSSDA,2,Def
TCGATAGATATGAAGCCTCCATGGAAC,seq_37815,2,GCCTTCGACACCCTGCCCATC,AFDTLPI,2,Def
TCGATAGATTGGATGAAATCTTTAATT,seq_9947,2,GAGAAGAAGCTGGACCTGGAG,EKKLDLE,2,Def
TCGATAGCAACCATGGCACCAATCCGT,seq_27425,2,AGCAACAACGAGACCTTCCGG,SNNETFR,2,Def
TCGATAGCATTATACACAGAAAGACAT,seq_23097,2,GAGAACCCCGGCGGCTACTGC,ENPGGYC,2,Def
TCGATAGCCAGCTGCCTAGACGGGCAC,seq_1817,2,TTCCCCGGCAACGACAACAGC,FPGNDNS,2,Def
TCGATAGGAGTGAATCAGCCCGGACGT,seq_26401,2,AGCACCGTGCAGGTGTTCACC,STVQVFT,2,Def
TCGATAGGCGCGTTCACAGCTGCCAAT,seq_34880,2,GAGCTGCCCGGCGGCGACGTG,ELPGGDV,2,Def
TCGATATAATCGAACACATACTCGCTG,seq_23639,4,GACGACCTGAACCGGTACACC,DDLNRYT,4,Def
TCGATATACTGCCATGTGTACATACTG,seq_31276,2,GACAGCCGGAAGATCAGCCAC,DSRKISH,2,Def
TCGATATATTTACAGCCATAAACCCAC,seq_5437,2,GCCAGCCCCGAGGTGACCCCC,ASPEVTP,2,Def
TCGATATCTAGCAACCAGTACATAAAT,seq_17125,2,GGCCTGCCCGACCCCACCCTG,GLPDPTL,2,Def
TCGATATGAACAAACCATGACGCCTTT,seq_32848,2,GGCGAGCGGGACCAGGTGCCC,GERDQVP,2,Def
TCGATATGAACGTTCCTATACTCAAAT,seq_13278,2,GGCCTGAGCCACAACCCCGGC,GLSHNPG,2,Def
TCGATGCAAACACGGCAACGAGCCAGG,seq_34615,2,CGGCGGGGCCTGCTGATCACC,RRGLLIT,2,Def
TCGATGCACACATGTCAGTCTACACTG,seq_37316,2,ACCCCCGCCGGCGAGGTGATG,TPAGEVM,2,Def
TCGATGCACGCACGTAAGTATTCACAC,seq_40408,2,CGGCAGTACGTGCCCTTCTTC,RQYVPFF,2,Def
TCGATGCACGTCCTTACATAATGCAAT,seq_27160,2,AACAAGGAGTACCGGCTGGCC,NKEYRLA,2,Def
TCGATGCATACCATCCTAGCCTTGCAC,seq_40308,2,ACCAACGCCAAGGCCGTGACC,TNAKAVT,2,Def
TCGATGCATTGAATCATTCGAATCCTG,seq_29191,2,TGCCTGGAGTACTTCCCCAGC,CLEYFPS,2,Def
TCGATGCCAGGAATGATATCCTGAAAG,seq_39783,2,TTCCGGGTGCAGGTGTGCAGC,FRVQVCS,2,Def
TCGATGCCATCGCACCTGCGTTTAAAC,seq_35047,3,GGCGTGACCGCCAACCGGCTG,GVTANRL,3,Def
TCGATGCCCACCATCGATTCCATCCTT,seq_19376,2,GTGAGCCTGCAGGTGGGCGCC,VSLQVGA,2,Def
TCGATGGACAGCATTAAACCTGTCATC,seq_30348,2,AAGCGGAGCGCCCCCCCCGCC,KRSAPPA,2,Def
TCGATGGATAGCCATGAACGCTTGCAC,seq_24982,2,TACATCGCCGTGGTGGCCGGC,YIAVVAG,2,Def
TCGATGGCTACCTTCGCTCAAAGGTGC,seq_31038,2,GCCGTGCACACCGTGCTGGGC,AVHTVLG,2,Def
TCGATGTACACAAATCCGTCCTCATAT,seq_4907,2,GACAAGCCCACCCGGCCCGAC,DKPTRPD,2,Def
TCGATGTACGCACAGAAAGCCTCGAAG,seq_13691,2,GTGCCCAGCATGAGCGGCGCC,VPSMSGA,2,Def
TCGATGTACGCGAATACAGAATCGAGG,seq_12399,2,CTGGCCAACGCCAACCTGCCC,LANANLP,2,Def
TCGATGTACGTATTTACATACGGAATT,seq_32412,2,AAGCCCCGGAACGCCACCCCC,KPRNATP,2,Def
TCGATGTACTCCATTACATGTTCATTT,seq_2172,2,GACGGCAACGCCGGCCTGCTG,DGNAGLL,2,Def
TCGATGTATTCGAAGGCTTGAGGGTTT,seq_12473,2,CACACCTTCTTCGCCGGCCCC,HTFFAGP,2,Def
TCGATGTCAACCTGCGCTTCATCAAGT,seq_9425,2,CGGCGGCCCGCCGTGGCCTTC,RRPAVAF,2,Def
TCGATGTCCGTCTTCGCAGCATTCCAG,seq_6924,2,TTCCCCGTGAGCGCCCAGGCC,FPVSAQA,2,Def
TCGATGTCCTGCCATCTACGAGGCTAG,seq_1136,2,ACCGCCGACAACGTGCGGGCC,TADNVRA,2,Def
TCGATTCAAATGTACCATGGTACAAAT,seq_9178,2,GCCCCCACCAAGCGGGCCAGC,APTKRAS,2,Def
TCGATTCAAGTACACCTTGCCACATGT,seq_4495,2,CTGAGCAGCTACACCGACGAC,LSSYTDD,2,Def
TCGATTCAATGAAACCCTCCCTCCCGG,seq_26905,2,GGCCGGTGCCACCCCCACGTG,GRCHPHV,2,Def
TCGATTCACTGCAGGATACACTCCAAT,seq_37832,2,GACACCCTGCCCATCGCCACC,DTLPIAT,2,Def
TCGATTCACTTCCATACACAATGGTGG,seq_41872,2,GACGAGGACAGCGACACCACC,DEDSDTT,2,Def
TCGATTCATAGCATCCTTGCAATAAAT,seq_19059,2,GGCACCAGCACCCTGAACCAG,GTSTLNQ,2,Def
TCGATTCATTTCAATCCTTCAACCATG,seq_14745,2,CTGTACCCCAGCGTGCCCAGC,LYPSVPS,2,Def
TCGATTCCAACATGTCATCGCGCAATT,seq_7706,2,GCCCACAACAAGAAGCGGGCC,AHNKKRA,2,Def
TCGATTCCCGTCAACCTAGGTATCAAC,seq_7292,2,ACCACCGGCGAGGCCCACAAC,TTGEAHN,2,Def
TCGATTCCTAGGTATACACAATTCTTT,seq_23088,2,CGGAGCGTGTACCCCTACGAC,RSVYPYD,2,Def
TCGATTCCTTCCCTGAATCCCGCGAAT,seq_3513,2,CTGCAGACCACCGGCCGGCCC,LQTTGRP,2,Def
TCGATTCGCACATTCCCTCACATGCAC,seq_8558,2,AACGCCTGCAGCGCCAACAAC,NACSANN,2,Def
TCGATTGAATCCTACGCGCATATGTGC,seq_13505,2,CCCGAGATGGGCATCGGCGAC,PEMGIGD,2,Def
TCGATTGACTCCAACAAAGCAACCCAT,seq_1201,2,GGCTTCAGCCTGTGCTTCGGC,GFSLCFG,2,Def
TCGATTGATGGGTACACTTACATAAAC,seq_24178,2,CGGCGGGACGACCGGGCCAGC,RRDDRAS,2,Def
TCGATTGCAAGACTGACTCACAGAATG,seq_29121,2,CTGTACGACGACAAGAACGCC,LYDDKNA,2,Def
TCGATTGCCACCCTGACGTAATTCATC,seq_4808,2,GCCAGCGTGTTCCGGGACCGG,ASVFRDR,2,Def
TCGATTGCCTTCCACCCAGAAAGCAGC,seq_36567,2,CCCGTGTGCCTGCTGGTGCAC,PVCLLVH,2,Def
TCGATTGGCACACGGCCATACAGGAGC,seq_6716,2,GCCACCAACAGCGTGCCCACC,ATNSVPT,2,Def
TCGATTTACACATACATATCTACGCGC,seq_31466,2,GGCGGCGCCTTCCGGACCCTG,GGAFRTL,2,Def
TCGATTTACGGACGCCCGTCTACGCTT,seq_10000,2,AGCGGCTGGAGCATCGGCATC,SGWSIGI,2,Def
TCGATTTATACACGGATACACTTACAT,seq_15229,2,GCCACCGGCGACGACGACCTG,ATGDDDL,2,Def
TCGATTTCAACGATCCTTCACGTGCAT,seq_12013,2,TACGGCGGCTGCCGGGGCGGC,YGGCRGG,2,Def
TCGATTTCAATAAACCTTGAAGCATAC,seq_6176,2,ACCAACGTGGGCGGCGCCGTG,TNVGGAV,2,Def
TCGATTTCCGCCCATCAACGTTCCTTC,seq_38604,2,GTGCCCGGCTTCTGCTTCATG,VPGFCFM,2,Def
TCGATTTCCTTAAACCCACAAGTGTAC,seq_39100,2,TGGGGCGACTACAGCCTGGGC,WGDYSLG,2,Def
TCGATTTCTATAAGCGATGCTTTAAGG,seq_15906,2,TTCCTGATGCACGCCCCCGCC,FLMHAPA,2,Def
TCGATTTGAATAAACAAGTCTTCACAC,seq_23483,2,GGCCACGTGACCTGCGAGGTG,GHVTCEV,2,Def
TCGATTTGATTATTCACGCAAACCATT,seq_33526,2,CGGCGGCCCAGCAGCCCCGGC,RRPSSPG,2,Def
TCGATTTGTATAAGCCCACCCGTCCAT,seq_23231,2,ATCACCAGCAACGCCAGCATG,ITSNASM,2,Def
TCGCAACAAATCAATACATCATTACAT,seq_33484,2,GTGCGGACCAGCCAGAGCCGG,VRTSQSR,2,Def
TCGCAACAATGGATCGCTTGAGCCAAC,seq_9013,2,GTGACCGCCTGCCCCCGGCGG,VTACPRR,2,Def
TCGCAACACACACATAAACGATTGATG,seq_21462,2,AACCAGCGGACCGTGGCCCTG,NQRTVAL,2,Def
TCGCAACACATAAACAAGTGCTGAAAT,seq_8508,2,CGGAGCCGGCGGAGCCTGACC,RSRRSLT,2,Def
TCGCAACACATGAATAAATGAACCATG,seq_25937,2,GACCCCGACGTGCGGGCCCCC,DPDVRAP,2,Def
TCGCAACACGGAAATGTTTACACATAC,seq_3095,2,AGCGCCAACATCAGCAGCGAG,SANISSE,2,Def
TCGCAACACTGACTCCATCGTATCTAT,seq_8788,2,GACCCCCGGCTGGCCCACACC,DPRLAHT,2,Def
TCGCAACACTGGCTCATAGGCACAAGC,seq_24030,2,GAGATCCTGACCCGGAGCAAG,EILTRSK,2,Def
TCGCAACACTTCTGTCCATATTGCCTG,seq_32670,2,AACTGGCTGCCCGGCCCCTGC,NWLPGPC,2,Def
TCGCAACACTTCTTCGCACCTTCAAAG,seq_22431,2,AACATCTTCGACAAGGAGCTG,NIFDKEL,2,Def
TCGCAACATACACTTAAGCGTTGATTT,seq_19774,2,AGCAGCATCAACGTGACCTGC,SSINVTC,2,Def
TCGCAACATAGGCTCCCACCAAGCCAC,seq_40528,2,GCCGAGGCCACCGAGCGGGTG,AEATERV,2,Def
TCGCAACATTCCCACATACGTTCCCTC,seq_27556,2,GCCACCAGCAGCAGCAACAGC,ATSSSNS,2,Def
TCGCAACATTCGCAGAAACCCTCACAT,seq_39175,2,CGGGCCAAGGTGGCCCGGGAC,RAKVARD,2,Def
TCGCAACATTTCATCAATCGATCAAGC,seq_15585,2,AAGCTGGACAAGACCATCGTG,KLDKTIV,2,Def
TCGCAACATTTCCAGGCACACATACAC,seq_21509,2,TACAACAACCACCTGTACAAG,YNNHLYK,2,Def
TCGCAACCAATCAGGGATCATACGATC,seq_19761,2,TTCCGGATCTTCTGCAAGGCC,FRIFCKA,2,Def
TCGCAACCAGGAAATGAACATTCATAG,seq_33704,2,GCCACCTACACCCTGACCTTC,ATYTLTF,2,Def
TCGCAACCATCATGTCAGTCATCCTAC,seq_2658,2,GCCAGCGCCGCCCCCAGCAGC,ASAAPSS,2,Def
TCGCAACCATTAAGTCCATGTTCACAG,seq_35755,3,GGCATCCACCCCAACGTGCTG,GIHPNVL,3,Def
TCGCAACCATTGAGCACTTAAGCGATG,seq_20460,2,GAGAACCACTGCACCTACGCC,ENHCTYA,2,Def
TCGCAACCCACGCACAAAGCTGGACTT,seq_7153,2,CTGACCACCGCCAGCGTGCCC,LTTASVP,2,Def
TCGCAACCCAGCAAGCCTGCCACCTGG,seq_19444,3,GGCCGGCGGACCCACCCCAGC,GRRTHPS,3,Def
TCGCAACCCGCAAACCAACGTGCACTC,seq_14212,2,AGCACCCAGGCCGGCGCCACC,STQAGAT,2,Def
TCGCAACCCTCATTCATTTCCGTACGT,seq_35288,2,GCCGTGAACCTGCAGAGCAGC,AVNLQSS,2,Def
TCGCAACCCTCGCATGATGGCGGAAGC,seq_41577,2,CGGGCCACCCAGGCCAGCGCC,RATQASA,2,Def
TCGCAACCTATATGCCCTCCAACACAC,seq_31129,2,GTGGGCAAGGCCGTGCACCAG,VGKAVHQ,2,Def
TCGCAACCTATCAACCAACGCACAAGC,seq_20652,2,ATCGACCCCCTGGACCTGACC,IDPLDLT,2,Def
TCGCAACCTATGCGCGCGCCCAGAAAT,seq_17362,3,GCCCCCAGCGGCGTGGGCCCC,APSGVGP,3,Def
TCGCAACCTGCAAACGATTATACCAAC,seq_23326,2,TTCGGCACCGGCATCGCCAGC,FGTGIAS,2,Def
TCGCAACCTGGCAGCCAGTCCGCCCAC,seq_18303,2,GCCGGCAAGCCCGGCGACAGC,AGKPGDS,2,Def
TCGCAACCTTCCCATCCATCCTGAAAC,seq_25554,2,GTGGGCGGCCGGTGCGGCGCC,VGGRCGA,2,Def
TCGCAACCTTGCAACCCACGCTTCCGC,seq_11800,2,CTGCTGGAGACCCAGTGCCCC,LLETQCP,2,Def
TCGCAACGAACCCGTCATGCCATCAAG,seq_28787,2,GACGACCACGTGCTGATCCCC,DDHVLIP,2,Def
TCGCAACGAATGCATAAACCTAGAAAG,seq_778,2,CTGGACACCTACCCCAACACC,LDTYPNT,2,Def
TCGCAACGCGGGAACGATGACATAAAC,seq_33230,2,GAGAGCGTGCGGAACGGCACC,ESVRNGT,2,Def
TCGCAAGAAACGTTTACGCAAGCACTT,seq_31549,2,GGCAACAACACCGTGCAGCCC,GNNTVQP,2,Def
TCGCAAGAAATATAGGATTCAAGCCAT,seq_28107,2,AAGCTGATCTTCCTGGAGGCC,KLIFLEA,2,Def
TCGCAAGAAGCCAACTAAGAATGACGC,seq_8573,2,AGCCGGCGGAGCCTGACCGTG,SRRSLTV,2,Def
TCGCAAGACACCTACCTACACTTCATC,seq_23130,2,CCCGAGCTGAGCGACACCACC,PELSDTT,2,Def
TCGCAAGACATAATTACTTATACACGT,seq_25659,2,GGCTACCTGATCAGCAACTTC,GYLISNF,2,Def
TCGCAAGACTTCCACGTTCCCACCTTC,seq_36287,2,AAGAACACCCCCGTGCCCGCC,KNTPVPA,2,Def
TCGCAAGATACCTGGGCACCAATACAG,seq_15952,2,CTGATGCACGCCCCCGCCTTC,LMHAPAF,2,Def
TCGCAAGATTCACGCCCGCAAAGCCAT,seq_3788,2,ACCGACGTGGACAGCATCGCC,TDVDSIA,2,Def
TCGCAAGCAACAATGACTTATGCACGT,seq_16803,2,GACCGGGCCCCCGTGCCCTTC,DRAPVPF,2,Def
TCGCAAGCAACGCACGCACAATTATGC,seq_3975,2,TTCCGGGGCGCCCACCTGCCC,FRGAHLP,2,Def
TCGCAAGCAAGAAACGCTTCCACGAAG,seq_17071,2,AACAAGACCCTGAACGGCACC,NKTLNGT,2,Def
TCGCAAGCAATAAGCCCATGCACGATT,seq_28600,2,GACGACCAGCCCAGCAGCCAC,DDQPSSH,2,Def
TCGCAAGCATGCCTGCCGTCCATATAG,seq_21931,2,CTGGTGATCAACAGCAACGGC,LVINSNG,2,Def
TCGCAAGCCTGCCGCCAACATAGAATG,seq_14670,2,GGCGTGGCCGTGAGCAGCACC,GVAVSST,2,Def
TCGCAAGCTAGACACACGCCAAGAAAC,seq_17634,2,AGCAACATGAGCCTGAGCCTG,SNMSLSL,2,Def
TCGCAAGCTGTCTATGCTGGAAGGCAC,seq_363,2,CCCCTGCAGGGCCTGGTGCTG,PLQGLVL,2,Def
TCGCAAGGAACACACCCTGAAGTACTG,seq_31652,2,ATCAACGGCAGCGGCCAGAAC,INGSGQN,2,Def
TCGCAATAAACGAGTCCTCCTACCATT,seq_41657,2,GGCGGCGAGAACCGGCGGCCC,GGENRRP,2,Def
TCGCAATAAAGGAACCATCGCGCCATT,seq_39266,2,CTGCCCGACTTCGTGGGCCTG,LPDFVGL,2,Def
TCGCAATACACCAATACGCATATACTT,seq_30953,2,GGCTTCCTGGCCGCCGGCGTG,GFLAAGV,2,Def
TCGCAATACATCTGCGTATCCTTGATT,seq_34315,2,CTGGCCGGCGCCCCCAGCGCC,LAGAPSA,2,Def
TCGCAATACTGACGTAAATGATCACAT,seq_9492,2,CCCGGCGCCCGGGGCGGCCTG,PGARGGL,2,Def
TCGCAATATACACTCCAACCAATCCTT,seq_31748,2,CCCTTCCACCACGACCCCCCC,PFHHDPP,2,Def
TCGCAATATATGTAGCTTGAAGCCCAC,seq_9875,2,GCCTTCGCCCTGTGCCGGGCC,AFALCRA,2,Def
TCGCAATATTCGATGCCAGCTTTACTT,seq_4152,2,GCCCTGACCGCCGTGGAGACC,ALTAVET,2,Def
TCGCAATATTGCAATACAGCTACAATT,seq_36412,2,ACCAACATCAAGACCGAGGAG,TNIKTEE,2,Def
TCGCAATCAACGAATGCGTCCTTGAAC,seq_16972,2,GGCAGCGGCCTGACCGTGATC,GSGLTVI,2,Def
TCGCAATCAATCAGCAATGATACCAGT,seq_613,2,GTGCGGAGCCGGGCCGACTGC,VRSRADC,2,Def
TCGCAATCAGCCCTTCCAGCCTCCTAC,seq_32351,2,CTGTGCCCCCGGCCCCACCGG,LCPRPHR,2,Def
TCGCAATCAGTCAGGAAATCCGTAAAC,seq_12719,2,ACCGCCCCCGGCAAGAAGCGG,TAPGKKR,2,Def
TCGCAATCATCCTACATGCCCTTCATT,seq_680,2,CTGCCCGCCAACTACGACCCC,LPANYDP,2,Def
TCGCAATCCACCAGGGAACCCTTAAAT,seq_1986,2,GCCGCCCCCCGGACCAGCTGG,AAPRTSW,2,Def
TCGCAATCCGGATACCAGCCAACGAGC,seq_5009,2,GACATGAAGCGGCTGCACCTG,DMKRLHL,2,Def
TCGCAATCCTCCAATCCACAATCAAGT,seq_13030,2,GTGCTGGGCGAGGTGAACATC,VLGEVNI,2,Def
TCGCAATCCTGAAACAAATATACACTC,seq_40189,2,GAGCGGTGGGCCGCCGACGTG,ERWAADV,2,Def
TCGCAATCCTGACTCCAGGATTGATAC,seq_29534,2,ACCCCCGAGGAGACCGCCGTG,TPEETAV,2,Def
TCGCAATCTACATAGACATAAAGCATC,seq_18878,2,CACAACGCCAGCGTGACCTGG,HNASVTW,2,Def
TCGCAATCTACCCACCCTCGCACCAGT,seq_30664,2,GCCGGCTGCGCCGCCGACAGC,AGCAADS,2,Def
TCGCAATCTGCCAAGCCGTCTTGATGG,seq_13429,2,CGGGCCGGCTGCGTGAACTTC,RAGCVNF,2,Def
TCGCAATCTGCCCTCACAGATATCCAC,seq_4418,2,GAGGGCGTGGTGCACGGCGTG,EGVVHGV,2,Def
TCGCAATCTTGGCAGACAGCATTCCAC,seq_12689,2,GTGGCCGCCGTGATCGGCTGG,VAAVIGW,2,Def
TCGCAATGAATACTTGCGCGATCATTC,seq_26171,2,GCCTTCGGCGAGGAGGTGCAC,AFGEEVH,2,Def
TCGCAATGATGCTGTCATGACTCCTAT,seq_3921,2,CGGTTCCGGGGCAAGAACCTG,RFRGKNL,2,Def
TCGCAATGCAGCAATAATCCCATAAAC,seq_11389,2,GAGGCCAAGAAGAAGGCCACC,EAKKKAT,2,Def
TCGCAATGCATACGCCTTGGCGTAAAC,seq_39470,2,GAGACCGGCGGCGGCGTGAAC,ETGGGVN,2,Def
TCGCAATGCTCAAGGGAATCATCACGC,seq_32085,2,GCCGGCCCCCCCGTGGCCGAG,AGPPVAE,2,Def
TCGCAGCAAATACGTCTATCTGCAAGG,seq_39120,2,AGCAGCATCCGGCAGCCCGTG,SSIRQPV,2,Def
TCGCAGCAATCCATTCCTGCAATAAAC,seq_39613,2,GTGACCGACATGGGCAACCTG,VTDMGNL,2,Def
TCGCAGCAATTCAATCAATACACATTT,seq_35989,2,AGCCTGATCGGCCGGCTGGCC,SLIGRLA,2,Def
TCGCAGCACACAAATACACGAACAATG,seq_20362,2,AAGCGGGCCACCGTGAGCGAG,KRATVSE,2,Def
TCGCAGCACAGCAATAAACGATCCCAT,seq_14679,2,GTGGGCCGGCAGGACCTGGGC,VGRQDLG,2,Def
TCGCAGCACGCGCTCGCTGACAGCCAC,seq_40916,2,CCCCTGCCCACCGACACCCTG,PLPTDTL,2,Def
TCGCAGCACGGCTATCAATACACCCTC,seq_30139,2,CGGTTCGCCGCCCACGCCGGC,RFAAHAG,2,Def
TCGCAGCACGTACTTCCAGAATCCCTC,seq_12465,2,ATCAAGTACGAGGTGGCCATC,IKYEVAI,2,Def
TCGCAGCACTTAAAGCCAGCCACCTAC,seq_22922,2,CTGGAGCAGCCCGTGAGCAAC,LEQPVSN,2,Def
TCGCAGCATTCAAACCTACCAATACAG,seq_29400,2,ATCGGCAAGGCCTTCACCACC,IGKAFTT,2,Def
TCGCAGCCCACCTATCATGACATACAC,seq_19653,2,CGGTTCCACGCCCTGGGCTTC,RFHALGF,2,Def
TCGCAGCCCTCCAGCCTTCGAGCCCAG,seq_3294,2,ATCATGGACAACAACCACCCC,IMDNNHP,2,Def
TCGCAGCCCTGCCTGCAACGCGGGAAC,seq_37528,2,AACGAGCAGCAGCCCCTGTTC,NEQQPLF,2,Def
TCGCAGCGAGTCCTTGCATGCTGCATT,seq_41219,2,CGGACCCCCGCCGCCCGGGTG,RTPAARV,2,Def
TCGCAGCGTATCTAGCATGGCACAAGG,seq_8557,2,AACCTGCTGTTCCAGAGCTAC,NLLFQSY,2,Def
TCGCAGGAAGCCATTCAACCAAGCAAT,seq_29538,2,AGCACCGTGTTCAAGGACGGC,STVFKDG,2,Def
TCGCAGGATACCCTCCTACAATCATTG,seq_35573,2,AAGCAGCAGGACAGCCTGCCC,KQQDSLP,2,Def
TCGCAGGATATCAACCAAGAAAGAATC,seq_15936,2,CAGGCCTGCCCCAAGGTGAGC,QACPKVS,2,Def
TCGCAGGCCTCGTATCCGTCCAGCTAT,seq_39522,2,GACACCGCCACCGCCCTGAGC,DTATALS,2,Def
TCGCAGGCTTTGTGCAATCACACAAAT,seq_38745,2,GCCAGCACCACCAACATGCGG,ASTTNMR,2,Def
TCGCAGGGCAGCCATAATGCAATATGT,seq_5525,2,CTGTGCGACCTGGACGGCGTG,LCDLDGV,2,Def
TCGCAGGGTGTCCATGATCATGGCAAG,seq_33516,2,AACTTCGCCTGGACCGCCGGC,NFAWTAG,2,Def
TCGCAGTATGCCAACACGCGCACATAG,seq_29647,2,GAGCAGACCGAGTACATCTGC,EQTEYIC,2,Def
TCGCAGTATGTCCTCATTCCTTCCCGG,seq_9890,2,GTGGAGCGGAGCAACGCCAGC,VERSNAS,2,Def
TCGCAGTCAATAAGCAAGCACACAATC,seq_12760,2,GCCCTGCACCAGCGGCGGTGC,ALHQRRC,2,Def
TCGCAGTCCATGAGCAAAGCAACACAC,seq_36952,2,AGCATGGTGGGCATGGCCGCC,SMVGMAA,2,Def
TCGCAGTGAAGCAGGCTACACTCGCAT,seq_37619,2,GTGTTCAGCAGCGACGTGCCC,VFSSDVP,2,Def
TCGCAGTGCGGCTACCCGTACTCATTC,seq_26789,2,GACGAGGGCCGGCTGCAGACC,DEGRLQT,2,Def
TCGCAGTGCTCCAATGCACATATACTC,seq_41243,2,GCCCTGCGGAACACCACCGCC,ALRNTTA,2,Def
TCGCAGTGTTCATGGGCATATATCCTC,seq_36351,2,GTGCCCGCCAACCCCCCCGCC,VPANPPA,2,Def
TCGCATCAAATGAACATTTCAACCTAT,seq_4425,3,GCCCTGCAGGCCGCCGAGATC,ALQAAEI,3,Def
TCGCATCAAGCCTATCTGCACTGCCGG,seq_26990,2,GACCACGCCGTGTGCACCGCC,DHAVCTA,2,Def
TCGCATCAATCCAACATTCATATACTG,seq_39864,2,GCCGCCGGCTACGTGAAGGCC,AAGYVKA,2,Def
TCGCATCAATGCAAGCAGTATAGCCTC,seq_38510,2,AACCTGCCCGACTACAGCTGC,NLPDYSC,2,Def
TCGCATCACTCCCTGAAGGATTCACTC,seq_32660,2,GTGAACCACGACCCCGTGGAG,VNHDPVE,2,Def
TCGCATCCATCCCATCATTCTACCTAG,seq_13143,2,ACCCCCGTGAAGGCCGGCTGC,TPVKAGC,2,Def
TCGCATCCATCGCATACTCCTATCCTT,seq_11430,2,AGCAAGGCCATCGGCCGGACC,SKAIGRT,2,Def
TCGCATCCCACCCAGCTAGCAGGAATT,seq_26794,2,GCCATCGCCGGCTTCATCGAG,AIAGFIE,2,Def
TCGCATCCCACGAATGAGCCATTAAAC,seq_35079,2,GAGTGCTTCACCTGGGACCAG,ECFTWDQ,2,Def
TCGCATCCCGCCTACCCGGACGGCCGT,seq_16563,2,CACCCCGACGGCCGGCGGAAC,HPDGRRN,2,Def
TCGCATCCTAGATTGAATGGATCACAC,seq_17685,2,GTGCGGGCCCTGACCATGGAC,VRALTMD,2,Def
TCGCATCGAGCGCAGGAAGCCATATGG,seq_40772,2,GAGTTCGACGCCGTGGCCGGC,EFDAVAG,2,Def
TCGCATCGAGGGCTCAATCACGCCATC,seq_39151,3,GCCGTGCCCGACAGCGTGGAC,AVPDSVD,3,Def
TCGCATCGATCGAGGCTTCATATCCAC,seq_3159,2,GGCGAGGACGTGAGCCTGCTG,GEDVSLL,2,Def
TCGCATCGCACCAGGGAGCCCGTCAAC,seq_23007,2,AACTACGCCGGCAACAGCATC,NYAGNSI,2,Def
TCGCATCGCACCTTTGCGCGCTTCTTC,seq_18285,2,GACATCCTGACCCTGGTGAGC,DILTLVS,2,Def
TCGCATGAAACCAGTCCGCAAGTCCAG,seq_35356,3,CGGGTGAGCAGCCGGCCCGGC,RVSSRPG,3,Def
TCGCATGAATCCATTACTTGTACAATT,seq_27269,2,AGCGAGCCCGCCGGCGCCGCC,SEPAGAA,2,Def
TCGCATGACAGCATTCAAGCATCCCAC,seq_18238,2,TACGTGCGGGCCCTGACCAGC,YVRALTS,2,Def
TCGCATGACTCGCTCAAACCCATGCAG,seq_36959,2,GTGCAGGCCCTGGCCAAGTTC,VQALAKF,2,Def
TCGCATGATAGATATACACCCTGAATT,seq_28460,2,TACGGCGGCAGCTTCCGGTTC,YGGSFRF,2,Def
TCGCATGATGGACACGCGCACACCAAT,seq_34224,2,TACAAGGACTGGATCCTGTGG,YKDWILW,2,Def
TCGCATGATTCACACATGTCCACGCAC,seq_12752,2,GAGGTGGCCATCTTCGTGCAC,EVAIFVH,2,Def
TCGCATGCAATAAACCCATGCGCAAGG,seq_30431,3,AACCTGCCCAAGGCCGACAAG,NLPKADK,3,Def
TCGCATGCAGCCCTCAAATCCACACTC,seq_11664,2,TACGAGATGCCCAGCGAGGAG,YEMPSEE,2,Def
TCGCATGGCATGTACATAGCAGCGAAT,seq_37450,2,CTGGCCGAGCGGGCCGACCCC,LAERADP,2,Def
TCGCATTAAAGGAATCCTCCTGCGTAG,seq_33390,3,GCCGACCTGGCCCAGCTGTTC,ADLAQLF,3,Def
TCGCATTACTGAATCCCACCTTCCATC,seq_19490,2,CCCCCCGCCGCCTGCCTGACC,PPAACLT,2,Def
TCGCATTATACAATCCCATACTTCATG,seq_7307,2,AGCCTGCGGGAGGCCCCCCCC,SLREAPP,2,Def
TCGCATTCAAGAATTGAGGATACACAG,seq_1861,2,CGGGAGTGGTGGGCCCTGAAG,REWWALK,2,Def
TCGCATTCCACAAACATACCATTCCAC,seq_32888,2,GAGGCCGCCAACCCCTACGGC,EAANPYG,2,Def
TCGCATTCCTCATTGCTGCGCACATGC,seq_30590,2,TTCATCCTGGCCCGGTGCCCC,FILARCP,2,Def
TCGCATTCCTGAATTACGTAAATCCTC,seq_16691,3,AACTGCAGCGGCCCCACCACC,NCSGPTT,3,Def
TCGCATTCTGCCTGTGTATCCATGTAC,seq_213,2,GAGCCCCGGCAGGAGTTCGAC,EPRQEFD,2,Def
TCGCATTGTATAATGGTACGCTCGCGT,seq_17185,2,CTGACCCCCCTGACCTACCCC,LTPLTYP,2,Def
TCGCATTGTGCCCTCAAATACTCCAAT,seq_17204,2,GCCCCCGCCGGCTTCGCCATC,APAGFAI,2,Def
TCGCCACAAATACGCCAAGCAACAAGC,seq_14700,2,ACCGCCAGCTTCACCGTGAGC,TASFTVS,2,Def
TCGCCACAAATGCACGAACCTGCCCTC,seq_38868,2,CACCTGGACCACACCATCCAG,HLDHTIQ,2,Def
TCGCCACAATCATACCCATATTGCTAC,seq_37719,2,GGCCAGCTGCTGCACAACACC,GQLLHNT,2,Def
TCGCCACAATCCTTGCATTATATCAAC,seq_28652,2,GCCCCCCCCAGCCACCAGCCC,APPSHQP,2,Def
TCGCCACAATGAAGTCTACACTCAAGC,seq_40910,2,GCCGCCTGCATCCGGCCCCCC,AACIRPP,2,Def
TCGCCACACAGAAATACGTGCTCCCGC,seq_33516,2,AACTTCGCCTGGACCGCCGGC,NFAWTAG,2,Def
TCGCCACACAGCCTGGATTGTTCCAAT,seq_18891,2,CGGGGCGTGACCGTGCACATG,RGVTVHM,2,Def
TCGCCACACATCATCGCAGCCTCCTAT,seq_25739,3,AAGGCCCGGGGCCCCAGCGTG,KARGPSV,3,Def
TCGCCACACGCATACGCGGAAATGTGG,seq_10561,2,AGCAAGCTGAAGAGCAACAGC,SKLKSNS,2,Def
TCGCCACACGGAAACAATCGCACGCAC,seq_36644,2,ACCCACAGCCCCCTGCCCCGG,THSPLPR,2,Def
TCGCCACACGGATAGACAGGCGCATAC,seq_7619,2,GGCCTGCGGGAGCTGGAGGTG,GLRELEV,2,Def
TCGCCACACGTGTTGCTACCTTTCAAC,seq_34619,2,GGCAAGCAGGGCACCGGCCGG,GKQGTGR,2,Def
TCGCCACACTCCCAGACTTAAACGTTT,seq_31732,2,ACCACCGGCGGCACCGCCAAC,TTGGTAN,2,Def
TCGCCACACTGAAACAATCGCGTCTGG,seq_35894,2,AAGCTGACCTTCCGGGAGAAC,KLTFREN,2,Def
TCGCCACATGTCAGGACTCCCAGACTT,seq_34284,2,AGCATCTACAGCACCGTGGCC,SIYSTVA,2,Def
TCGCCACATTCCCTGCCTCAATTGCAC,seq_18553,2,TGGGGCGGCGCCGACACCGAC,WGGADTD,2,Def
TCGCCACCAAGGCTCCAGGAATCATTG,seq_25078,2,GTGTTCACCATCATCAACGGC,VFTIING,2,Def
TCGCCACCAATATACCCTGAATTGCAC,seq_38604,2,GTGCCCGGCTTCTGCTTCATG,VPGFCFM,2,Def
TCGCCACCAATCAGCATACATATATTC,seq_32954,2,GACCAGGTGCCCTGGCTGGCC,DQVPWLA,2,Def
TCGCCACCAGCCATCACGCAAACATAT,seq_33801,3,AACGTGAAGATCACCGTGAAC,NVKITVN,3,Def
TCGCCACCAGCGATGACGTATACCATC,seq_18871,2,AGCGCCTGCAACGACTTCAGC,SACNDFS,2,Def
TCGCCACCAGTCCACGCATACAGGATC,seq_13516,2,CTGCTGGTGATGTGGCAGCTG,LLVMWQL,2,Def
TCGCCACCCTCAATCCATGACTGACGT,seq_26678,2,CTGCAGAAGCTGGCCGTGTAC,LQKLAVY,2,Def
TCGCCACCTACCTGCCTTCAAACACGC,seq_30430,2,AACCTGAACAAGAAGGTGGAC,NLNKKVD,2,Def
TCGCCACCTGCATACACTCCCGTCTAT,seq_3004,2,AGCCTGACCCGGGTGAACCCC,SLTRVNP,2,Def
TCGCCACCTGCCAGTGTACATTCCTTT,seq_6230,2,GCCATCGAGGGCTGCCTGGTG,AIEGCLV,2,Def
TCGCCACCTGTCAATCCAGACAGCTGT,seq_33277,2,ACCACCGGCCAGAACAACAAC,TTGQNNN,2,Def
TCGCCACCTTCGATTGATCCTTTACAC,seq_10683,2,GAGTTCAGCGTGTGCGACAGC,EFSVCDS,2,Def
TCGCCACGAGCACGCAAGCACGGGCGC,seq_7686,2,CTGCAGATCACCAACGTGGTG,LQITNVV,2,Def
TCGCCACGATCAATGGATCAAAGAATT,seq_18114,3,ATCTTCGAGCACCGGGGCAAG,IFEHRGK,3,Def
TCGCCACGCGTAAACATGCCATGCTGT,seq_4525,2,GGCATCTACAGCAGCAAGCCC,GIYSSKP,2,Def
TCGCCACGCGTCAACACAGACACATGC,seq_12025,2,AAGCAGCAGAAGGTGCACGCC,KQQKVHA,2,Def
TCGCCACGCTCAATGACACCAACCAAC,seq_7674,2,CCCCTGGGCAACCACTGCCCC,PLGNHCP,2,Def
TCGCCACGCTTGCTCGAGCAAACCAAG,seq_27499,2,GAGGGCTGCCTGCCCCCCTTC,EGCLPPF,2,Def
TCGCCACGTGCCCAGATATACATGCTT,seq_23550,2,TTCGTGCTGGCCACCGGCGAC,FVLATGD,2,Def
TCGCCAGAAACATAGATACCTATGTGC,seq_10280,2,GAGGAGAGCCTGCAGAACCCC,EESLQNP,2,Def
TCGCCAGAAGTACATGCAGCTAGCCAG,seq_32757,2,ATCCCCGGCCCCAGCTACCGG,IPGPSYR,2,Def
TCGCCAGAATCATGTATAGAAAGCTAC,seq_28127,2,CTGTACAAGAAGATGGAGGCC,LYKKMEA,2,Def
TCGCCAGAATTACATCCACCTTCAATC,seq_444,3,ACCGTGCGGGAGCACAAGGGC,TVREHKG,3,Def
TCGCCAGACAGGCGGATGCACTGACAC,seq_20549,2,GTGGTGAAGGACTACTGGGGC,VVKDYWG,2,Def
TCGCCAGACATCATGCCGCCTACGCAC,seq_21463,2,AACCAGCGGACCGTGGCCGTG,NQRTVAV,2,Def
TCGCCAGACTCACTTATTTCATCCAAC,seq_7162,2,GACGCCGCCCACAGCGACACC,DAAHSDT,2,Def
TCGCCAGACTCATGCCCGCACTTAATC,seq_20093,2,CCCGCCAAGGTGGCCACCCGG,PAKVATR,2,Def
TCGCCAGCAACCCTTCAACATGCCCTC,seq_33805,2,ACCCCCGTGGTGCACCGGGCC,TPVVHRA,2,Def
TCGCCAGCCACCAGTGAATAATCAAGC,seq_36212,2,GTGAGCGGCGACACCAGCCCC,VSGDTSP,2,Def
TCGCCAGCCGCGCGCCTACCCATCAAT,seq_39012,2,CCCATGAGCAGCGCCTGGACC,PMSSAWT,2,Def
TCGCCAGCCTTGTAGACTGCAACCAAG,seq_27456,2,GGCCACGTGGCCACCTGGGAC,GHVATWD,2,Def
TCGCCAGCTACCAGTCAATCCGTCAAG,seq_17591,2,GCCTTCGGCGGCAAGTACATG,AFGGKYM,2,Def
TCGCCAGCTAGGAGCCTGTGAATCCTC,seq_32691,2,CCCTGCAGCACCTACGTGCAG,PCSTYVQ,2,Def
TCGCCATAAATACATGTACGTAGATAT,seq_30185,2,CGGGTGCTGGCCGGCCTGGCC,RVLAGLA,2,Def
TCGCCATAAATACTTACACACGCATTC,seq_13428,2,CGGGCCACCGCCATGCTGGGC,RATAMLG,2,Def
TCGCCATAATTCAACACAGGTACCAAT,seq_11480,2,GGCAAGTTCCTGATCGCCTAC,GKFLIAY,2,Def
TCGCCATACACCCACGATCCAACCCAT,seq_4845,2,AACATGGAGACCACCTTCAGC,NMETTFS,2,Def
TCGCCATACGGAAAGAAATCTGGAAGC,seq_16545,2,ACCACCCACACCTTCGTGAAG,TTHTFVK,2,Def
TCGCCATACTTCTGTGTACAAACGCTC,seq_1953,2,CCCAGCGACGGCCCCATGCAG,PSDGPMQ,2,Def
TCGCCATCATCCATTACGCACACCTGT,seq_19135,2,GCCTGCAAGATGCAGTACTGC,ACKMQYC,2,Def
TCGCCATCATCCCACCTACACACGCTC,seq_24528,2,GGCCCCCGGGGCAGCGTGATG,GPRGSVM,2,Def
TCGCCATCCACAAAGACATGCACCCTG,seq_39153,2,GTGCAGCACGCCCGGGAGAGC,VQHARES,2,Def
TCGCCATCCGCCCTGCTACCATTCATC,seq_14768,2,TGCATGCGGGACAACAACAGC,CMRDNNS,2,Def
TCGCCATCCGCGAATCCACCATTCAGC,seq_26276,2,GGCGCCGCCCTGGGCCTGAGC,GAALGLS,2,Def
TCGCCATCCTCAAATCATTGTACGTGG,seq_14079,2,GCCACCAACGCCAGCCGGTTC,ATNASRF,2,Def
TCGCCATCCTTAAGTCTTGGAGCCCTG,seq_11981,2,CTGTGGGAGGACGGCGACCTG,LWEDGDL,2,Def
TCGCCATGATCGCTGGAACAATGGTGG,seq_34627,2,AAGCAGGGCACCGGCCGGGAC,KQGTGRD,2,Def
TCGCCATGCGCCTGTCAACCCTTGCAC,seq_24356,2,GACCGGGCCAGCGAGACCAGC,DRASETS,2,Def
TCGCCATGTTGCTACCTACCCGCACGC,seq_39389,2,GTGCTGTTCAGCGAGCGGGCC,VLFSERA,2,Def
TCGCCGCATATGCTCAATCCTTCGAAC,seq_10282,2,GAGGGCAGCATCATGTGGCTG,EGSIMWL,2,Def
TCGCCGCATGCCCTTAAACCCTTCCAC,seq_36437,2,GAGCCCCGGATCCTGGTGCCC,EPRILVP,2,Def
TCGCCGCCCACCCGTGCTGAAACCATT,seq_2654,2,GCCAACATCAGCACCAGCGCC,ANISTSA,2,Def
TCGCCGCCCAGACAGATATAATGACTT,seq_12861,2,GTGGCCGACCTGGACCCCTAC,VADLDPY,2,Def
TCGCCGCCTAGATTTCCGTCTACCATC,seq_9734,2,AACGGCTGCGGCCTGTTCGGC,NGCGLFG,2,Def
TCGCCGCCTATATTCACACCATCGTTT,seq_21027,2,ACCCAGCTGCGGAAGTACTTC,TQLRKYF,2,Def
TCGCCGCCTATCCTTCCATCTACGTAC,seq_7925,2,AAGCGGAAGCACTTCAAGCCC,KRKHFKP,2,Def
TCGCCGCGATCCCGCCCACGCTTGCAT,seq_22220,2,CGGAGCGACGAGATCGAGCAC,RSDEIEH,2,Def
TCGCCGGATATATACCAACCTTCCAAC,seq_41789,3,GTGAACCGGCTGAGCGCCCCC,VNRLSAP,3,Def
TCGCCGGCAGCACAGCTATAAACACGC,seq_3410,2,CTGACCGAGAGCCCCCCCGGC,LTESPPG,2,Def
TCGCCGGCCAGCTATCTTGAATGCTAG,seq_37770,2,GCCCGGCGGTTCGCCTTCGAC,ARRFAFD,2,Def
TCGCCGGCTTTCTATGTTGCAAGGCAC,seq_3292,2,AGCGTGGGCCGGCCCTGCGCC,SVGRPCA,2,Def
TCGCCGGGTATACTTCCATATATCAAT,seq_9160,2,CTGAACCCCAACGTGAGCAGC,LNPNVSS,2,Def
TCGCCGTACACACATATACCCTTCCAG,seq_9963,2,GGCCTGCGGTGCGTGTTCAGC,GLRCVFS,2,Def
TCGCCGTATACAATTCAAGGATTGAGC,seq_32588,3,TACGGCTACTACGCCAACTAC,YGYYANY,3,Def
TCGCCGTCCACAAATATACACTGCATG,seq_39564,2,CCCGAGGACACCGTGGCCCCC,PEDTVAP,2,Def
TCGCCGTCCTTGTACATACCCATCTTG,seq_28784,2,CTGCTGGAGAGCAGCGTGATC,LLESSVI,2,Def
TCGCCTCAAATGAATAATTACTCATTT,seq_5058,2,AAGACCTGCCCCAACAACCAC,KTCPNNH,2,Def
TCGCCTCAAGCAAACATAGGCTGCCTT,seq_9870,2,GCCGCCGCCGTGTACGCCGTG,AAAVYAV,2,Def
TCGCCTCACACGAACCAACCCAGAAAT,seq_3866,2,GTGGCCGCCGCCACCCAGGCC,VAAATQA,2,Def
TCGCCTCACACGAATCTTTAATCACTG,seq_37813,2,GCCGACGCCGCCGACGACCGG,ADAADDR,2,Def
TCGCCTCATAGCCAGACGCCCATCCAC,seq_30891,2,CAGCGGCCCGGCCCCGTGCCC,QRPGPVP,2,Def
TCGCCTCATAGGCTCATATCCGTCCAT,seq_23810,2,GACGGCTTCAGCACCGTGAGC,DGFSTVS,2,Def
TCGCCTCATATATATAAGGCCATCAAC,seq_40144,2,GACGAGCTGGAGGCCGCCATC,DELEAAI,2,Def
TCGCCTCATTCCCACACATGCTCGTAC,seq_15123,2,CCCAGCGCCCCCAGCTACACC,PSAPSYT,2,Def
TCGCCTCATTCGCACGAATGAACCCTC,seq_2459,2,GAGGGCGACAGCTGCGTGACC,EGDSCVT,2,Def
TCGCCTCATTGCCATCTACCAACCCTG,seq_2512,2,AGCCAGCAGGAGCTGAACAGC,SQQELNS,2,Def
TCGCCTCATTTGAATCAGCCTTCCAAC,seq_31594,4,GTGCTGCGGCTGAGCATGGAG,VLRLSME,4,Def
TCGCCTCCAGCGTACACTGACTTCAAC,seq_31823,2,AGCGCCCCCCCCGACCCCGCC,SAPPDPA,2,Def
TCGCCTCCAGTGAACACACCAACCAAT,seq_6230,3,GCCATCGAGGGCTGCCTGGTG,AIEGCLV,3,Def
TCGCCTCCCACACTTACGTCCACCAGT,seq_5195,2,CCCAAGCTGACCATGGGCAAC,PKLTMGN,2,Def
TCGCCTCCCATACAGGAACCTACCAAT,seq_12202,2,ACCGCCATCCGGGACAAGAAC,TAIRDKN,2,Def
TCGCCTCCCGCATGCACGTGATGACGT,seq_41924,2,CCCCCCCCCGTGAGCGCCAAC,PPPVSAN,2,Def
TCGCCTCCCGGATACCAACCAAGATGC,seq_41407,2,CAGCGGGCCCCCGACGACCAG,QRAPDDQ,2,Def
TCGCCTCCCGGCAAGGAGCCTTGGCAG,seq_25233,2,TTCCGGGAGCAGGCCTGGAAG,FREQAWK,2,Def
TCGCCTCCCTGCATCCCTCATAGGCAG,seq_40428,2,CTGGACGCCCTGCGGGCCGAC,LDALRAD,2,Def
TCGCCTCCCTGCCTTCAACCCTTGTGT,seq_30297,2,GTGCACCTGCCCGACGTGTAC,VHLPDVY,2,Def
TCGCCTCCTAGCATCAAATAAACACAC,seq_30814,2,CTGGACCGGCTGATGAACCCC,LDRLMNP,2,Def
TCGCCTCCTATCAATGTTCACACCAGT,seq_18031,2,AGCGAGGAGGAGGTGGACGAG,SEEEVDE,2,Def
TCGCCTCCTGTAAAGCATCAAGCCAAT,seq_4395,2,CTGCCCCGGACCATGGACAAC,LPRTMDN,2,Def
TCGCCTCCTTCCTGTCCACCCACGCGC,seq_32603,2,CGGACCCCCCCCAAGAGCCCC,RTPPKSP,2,Def
TCGCCTCCTTTGTGGCCACGCGTCATT,seq_15800,2,GAGGCCATCGCCACCAACAGC,EAIATNS,2,Def
TCGCCTCGTACCAACCCATCATCATTC,seq_7976,2,GACCGGCTGCTGAGCGTGCCC,DRLLSVP,2,Def
TCGCCTGAAGCACTGGATTTTACCCGC,seq_26819,2,AGCTTCAACTGCGGCGGCGAG,SFNCGGE,2,Def
TCGCCTGATGTCAGCACGGCAACACAT,seq_10206,2,GGCCCCCACCCCATCGAGCAG,GPHPIEQ,2,Def
TCGCCTGATTGCTTTGATCAAATCCAT,seq_41872,2,GACGAGGACAGCGACACCACC,DEDSDTT,2,Def
TCGCCTGCAACATGCAAACCTACCCAG,seq_30896,2,CGGGCCTTCCCCCCCCGGCAG,RAFPPRQ,2,Def
TCGCCTGCAGCAAACGCTTCCGCCAAT,seq_41648,2,CCCGTGGCCACCGGCACCGTG,PVATGTV,2,Def
TCGCCTGCAGCATGCAATCGCTCCCAC,seq_15473,2,GAGGACAACCTGGGCTTCCTG,EDNLGFL,2,Def
TCGCCTGCAGCCAACCTTCGAGCCAAC,seq_36444,2,CAGCTGCGGGCCGCCCCCCCC,QLRAAPP,2,Def
TCGCCTGCTACATACACAGCTATCCAC,seq_19437,2,GCCTGCCGGCTGAAGCTGTGC,ACRLKLC,2,Def
TCGCCTGCTATAAGTGATCAATCACAC,seq_30588,2,TGCACCCACTACCTGAGCGCC,CTHYLSA,2,Def
TCGCCTGCTATCTATATGCCAACAAGC,seq_31488,2,CCCGGCGGCGTGATCAGCCCC,PGGVISP,2,Def
TCGCCTGCTATGAAGACTGCAGCCATC,seq_3304,2,CAGCGGCAGGCCGGCCAGCTG,QRQAGQL,2,Def
TCGCCTGGAACCAGTACGCCTACCTGC,seq_6953,2,AGCGTGGCCGGCTGGCTGCTG,SVAGWLL,2,Def
TCGCCTGGAATCAGTCATCCTGTCCAC,seq_23713,2,GCCCCCTGCGCCGTGAGCAGC,APCAVSS,2,Def
TCGCCTGGATTCATCGCAGCCGGACAT,seq_16217,2,GTGAGCGAGCGGACCCCCGTG,VSERTPV,2,Def
TCGCCTGGCAGGAATGCGCATTCACTT,seq_12268,2,TGCCCCGCCCACACCTTCTTC,CPAHTFF,2,Def
TCGCCTGGCAGGATTAATTCAAGCCAT,seq_37968,2,CACAAGATCTACTACTACGTG,HKIYYYV,2,Def
TCGCCTGGTTTCATCCATCAAATGATG,seq_26534,2,GACGACCCCGTGATCGACCGG,DDPVIDR,2,Def
TCGCCTTAATTCTGCGTATCCACGCGT,seq_18601,2,GCCACCAAGAGCCGGCGGCGG,ATKSRRR,2,Def
TCGCCTTACAGCAGTATGGAAAGCCGG,seq_4199,3,ATCAGCTTCTGCGCCGACACC,ISFCADT,3,Def
TCGCCTTACTGATGTAAGCGATTACAT,seq_13063,2,AGCCCCCCCCTGACCAAGACC,SPPLTKT,2,Def
TCGCCTTATGCCCTCCTACCAGCATTC,seq_9061,3,CACCGGGCCCACGGCCTGCCC,HRAHGLP,3,Def
TCGCCTTATTGACGCACATCCACCCAC,seq_21163,2,AGCGTGGTGGCCCTGGGCAGC,SVVALGS,2,Def
TCGCCTTCCACCCAGCTGTGTACCAAT,seq_1837,2,ACCGCCTGCAGCAAGTGCTAC,TACSKCY,2,Def
TCGCCTTCTACATACCCTTACATAAAT,seq_36458,2,ATCGACATGGTGGACAGCCCC,IDMVDSP,2,Def
TCGCCTTCTACCCGGGAATGCGCCAGG,seq_29606,2,GCCGTGTTCAAGAAGGACGGC,AVFKKDG,2,Def
TCGCCTTCTAGCTAGCATCACGTCAAG,seq_28491,2,CTGAACAACGGCAGCCAGGCC,LNNGSQA,2,Def
TCGCCTTCTATAAATCAGCCCGCCATT,seq_30285,2,GACGGCGAGCCCATCTACGAC,DGEPIYD,2,Def
TCGCCTTCTGTGCAGCTTTACAGCCTG,seq_33490,2,AGCAACTTCGCCTGGACCGCC,SNFAWTA,2,Def
TCGCCTTGAGGCATCGTTCGAATACAG,seq_33904,2,ACCGTGAACGGCCAGACCGTG,TVNGQTV,2,Def
TCGCCTTGAGTCAGCAATCATACGAGC,seq_5760,2,TTCAAGAAGCGGCGGCTGCGG,FKKRRLR,2,Def
TCGCTACAAGTCAATACACCCGCCAGC,seq_30410,2,CTGCGGAAGGACTACATCAAG,LRKDYIK,2,Def
TCGCTACACACCCACATGCAAAGCAAC,seq_18221,2,GCCGAGGGCGCCGGCCCCGGC,AEGAGPG,2,Def
TCGCTACACTCCCAGGTTCCCGTAAGT,seq_41924,2,CCCCCCCCCGTGAGCGCCAAC,PPPVSAN,2,Def
TCGCTACACTGAAATACACAAGGCCAT,seq_13574,2,AGCGACCCCTTCACCATGGAC,SDPFTMD,2,Def
TCGCTACATACCCACAAATATACCCGT,seq_1638,2,ATCCAGCACGGCAGCATCCTG,IQHGSIL,2,Def
TCGCTACATAGCAACCAGTGAGCCTAT,seq_23046,2,GGCACCAAGTACCACCTGAAG,GTKYHLK,2,Def
TCGCTACATAGCCACACAGCTACCTAG,seq_38172,3,GCCAGCCTGGCCAGCCTGCGG,ASLASLR,3,Def
TCGCTACATTTCCTCCCATCTATACGC,seq_26545,2,GTGCGGGCCGTGGCCCACGGC,VRAVAHG,2,Def
TCGCTACCAACCAACCAAGGTAGCTTC,seq_2616,2,AGCGACCTGAACTGGCACAAC,SDLNWHN,2,Def
TCGCTACCAGGGTTTCCATCCGTACGT,seq_16149,2,TTCCGGGGCGTGGAGTTCGTG,FRGVEFV,2,Def
TCGCTACCATGACTTATGCCCGGGCTT,seq_5406,2,CCCGACGTGGCCGCCTGCCGG,PDVAACR,2,Def
TCGCTACCATGGTATCAGCCCGCCCAT,seq_16119,2,GACGGCGCCACCGAGCGGCAC,DGATERH,2,Def
TCGCTACCCACGTACCTGCCCATACAT,seq_36701,2,GGCCGGCGGCGGTACGCCCAC,GRRRYAH,2,Def
TCGCTACCCTCCATCACGTACACACAG,seq_24912,2,GCCGGCTGCAGCCGGACCAAC,AGCSRTN,2,Def
TCGCTACCCTGGTACGATGCCTGAAAG,seq_8990,2,GACCTGCCCCTGGAGGGCACC,DLPLEGT,2,Def
TCGCTACCTATGCACCAGCCTTTCCTC,seq_22029,2,ACCCCCCTGACCCGGGCCCTG,TPLTRAL,2,Def
TCGCTACGCGGATACACTTACATCTGC,seq_21851,2,AGCCGGTACGCCCTGACCGTG,SRYALTV,2,Def
TCGCTACGCTCACTCCAGCAAACGTAC,seq_40150,3,GAGGCCGCCATCGCCGACCTG,EAAIADL,3,Def
TCGCTACGCTTACTTAAACGATCGAAT,seq_35639,2,ATCCGGTTCCCCGCCCTGGAG,IRFPALE,2,Def
TCGCTACGTACCTTCGAACCCGGCATC,seq_30924,2,AGCGCCTGGAGCCACCCCCAG,SAWSHPQ,2,Def
TCGCTAGAAGCCATGCCTCACTCAATG,seq_17619,2,AACACCACCGTGGACCTGGAG,NTTVDLE,2,Def
TCGCTAGACAGAATGAAACAAATGAAC,seq_25050,2,AGCCTGACCTGCAGCCCCCAC,SLTCSPH,2,Def
TCGCTAGACATATTGGCTTACAGCATT,seq_35288,2,GCCGTGAACCTGCAGAGCAGC,AVNLQSS,2,Def
TCGCTAGCAAGACAGCTTTAAATGCTT,seq_35939,2,CGGAACATGGGCGAGGAGCCC,RNMGEEP,2,Def
TCGCTAGCATCAATCCATGATTCCCGT,seq_39,2,TTCAACTGCCTGGGCATGAGC,FNCLGMS,2,Def
TCGCTAGCATTATACAAACCTACCAAT,seq_40517,2,AAGGACGCCGTGGTGCGGGCC,KDAVVRA,2,Def
TCGCTAGCCACCATCACATCAACAAAC,seq_13069,2,CACGCCCCCGTGCGGGCCGGC,HAPVRAG,2,Def
TCGCTAGCCGCCCGCATACGCAGACTC,seq_2792,2,AAGCTGACCCTGACCAAGGCC,KLTLTKA,2,Def
TCGCTAGCCTTCAAGACACATACATTC,seq_41185,2,CTGAGCCCCAGCGGCGGCCGG,LSPSGGR,2,Def
TCGCTAGCTATCCGCCCTCGCATCCGG,seq_16417,2,CCCCGGCCCGGCACCCCCTGC,PRPGTPC,2,Def
TCGCTAGGATTCTTCCTACACGCAATT,seq_9921,2,ATCGTGCGGGGCGCCAGCGAG,IVRGASE,2,Def
TCGCTAGGCACACATAAGTACTGCAAC,seq_6523,2,GCCGCCGACGCCGCCGCCCTG,AADAAAL,2,Def
TCGCTATAAGCCTTCCAAGGAGCCATG,seq_36742,2,GCCCACCCCGACACCCTGTTC,AHPDTLF,2,Def
TCGCTATACTGAAATCATCACTCAAGT,seq_12731,3,CACATCGGCATCAACGTGAAC,HIGINVN,3,Def
TCGCTATATGCAAGCGCACAATCCAAC,seq_23003,2,TTCGGCAGCGGCATCATCACC,FGSGIIT,2,Def
TCGCTATCAGCCTTTCCGGGTTCGCTT,seq_3738,2,GAGAACGGCACCCCCAAGCCC,ENGTPKP,2,Def
TCGCTATCATTACAGCCAGCCACCAGT,seq_16589,2,GACTGCGAGCCCCGGAGCGGC,DCEPRSG,2,Def
TCGCTATCATTCCACACTGAATTCATG,seq_32055,2,TGCTGGCGGCGGGTGAACCGG,CWRRVNR,2,Def
TCGCTATCCTCCCAGCAATAAACACGT,seq_27311,2,TGGGACGACTGGGCCCCCTAC,WDDWAPY,2,Def
TCGCTATCCTGGAGTCTACCCTCCCAC,seq_41268,2,CGGGGCCCCGACGCCGCCCTG,RGPDAAL,2,Def
TCGCTATCTAGCCACGCAGCCGTGAAC,seq_22185,2,GCCGCCGGCTGGCACGGCCCC,AAGWHGP,2,Def
TCGCTATCTGCAAACATTGCTGTCCAG,seq_21266,4,GTGGTGAGCGACATGGGCGAC,VVSDMGD,4,Def
TCGCTATCTTGACGTGTGTCCAGCTAT,seq_8097,2,TTCAACAACTTCACCGTGAGC,FNNFTVS,2,Def
TCGCTATGAACAAACACTGGCTCAATT,seq_8684,2,CTGGTGGGCACCTACGTGATC,LVGTYVI,2,Def
TCGCTATGCGTACTCCCGTAAACGAAT,seq_2321,2,AGCACCATCGAGGTGGCCAGC,STIEVAS,2,Def
TCGCTGCAAAGAAGTATACCTTCACAT,seq_40758,2,GTGGCCTGGGAGATGAACTTC,VAWEMNF,2,Def
TCGCTGCACTCCCACAATTACGCCAAT,seq_5003,2,CTGGTGGTGCGGGGCACCGGC,LVVRGTG,2,Def
TCGCTGCATTCCATGCTAGCCATCCTG,seq_29033,2,GCCTTCGTGAACGCCGCCCAC,AFVNAAH,2,Def
TCGCTGCCAACATTCAATCATGTCCGC,seq_41389,2,CCCTTCGACGCCAGCCTGCTG,PFDASLL,2,Def
TCGCTGCGTGCATACCCTCCCAGCAAC,seq_18197,2,CGGAGCAACTACTTCGCCTAC,RSNYFAY,2,Def
TCGCTGGCAATCCGCCTGGCTATGTAC,seq_6602,2,CTGCGGGACTGCAGCGTGGCC,LRDCSVA,2,Def
TCGCTGGCAGTAATTCCGCGAGCACAT,seq_827,2,TTCCTGCTGGGCGTGTGCGTG,FLLGVCV,2,Def
TCGCTGGCCGGACTCCTACGAGTAATT,seq_40116,2,GAGCGGCTGATCGTGGAGACC,ERLIVET,2,Def
TCGCTGTAATCAATTGCTCGCACGCTC,seq_23700,2,CTGCTGGCCCAGTTCCAGCAC,LLAQFQH,2,Def
TCGCTGTACATACGTCCACCCATGCTC,seq_39010,2,CAGGCCCGGGCCATGGACGCC,QARAMDA,2,Def
TCGCTGTACATGAGTCTTGAATTAAGG,seq_39879,2,AACCCCCGGGGCCGGGCCGCC,NPRGRAA,2,Def
TCGCTGTACTTACTTCAATCCACACAC,seq_1124,2,TTCGTGCTGAGCGGCCTGCCC,FVLSGLP,2,Def
TCGCTGTCAAGAATGCCTCAAGCGTAT,seq_32072,2,CCCCTGGGCTGGCTGCGGGAC,PLGWLRD,2,Def
TCGCTGTCAGCCCACCAAGACACGCAG,seq_3549,2,GGCGACATCCTGAAGGTGCCC,GDILKVP,2,Def
TCGCTGTCAGGACACAATTGCGTACAC,seq_27623,2,TGCCAGATCCTGTGCGAGAAG,CQILCEK,2,Def
TCGCTGTCCATCAATCAATGCATACTT,seq_28593,2,CCCCGGCCCGACGACCCCGTG,PRPDDPV,2,Def
TCGCTGTCCTGGCACCATCCAACATAC,seq_2853,2,GGCCCCCGGGCCGGCAGCCGG,GPRAGSR,2,Def
TCGCTGTGAAGATTCCAACAAACCCAC,seq_35329,2,ATCATCCCCCAGGCCCGGGAC,IIPQARD,2,Def
TCGCTGTGTGCAATGCTTCCCATGTTG,seq_37791,2,CGGGCCGCCGACGCCGCCGAC,RAADAAD,2,Def
TCGCTTCAAATACGTCATGAAACGTAT,seq_10346,2,CAGTGGAGCGGCAGCCTGGAG,QWSGSLE,2,Def
TCGCTTCAAGCAAGTCTACACACGAAT,seq_13043,2,TTCGGCAACGACTGGGAGGAC,FGNDWED,2,Def
TCGCTTCAATTCAGCCAACCAACGCAC,seq_38440,2,GCCCTGCTGAGCAGCAAGGTG,ALLSSKV,2,Def
TCGCTTCACACCAATCCGTACGCACGC,seq_24781,2,AGCTACGCCGGCTGCAGCCGG,SYAGCSR,2,Def
TCGCTTCACTCGCACAATGCTTTAATC,seq_30340,2,GCCGCCGACCACTGCCCCGTG,AADHCPV,2,Def
TCGCTTCATACGCAGAAGCGCATCCAT,seq_22371,2,TGGCACGGCCCCAAGGCCCCC,WHGPKAP,2,Def
TCGCTTCCAACATACGTTGGCTCACAC,seq_34977,2,GACGAGCTGCTGCAGAAGGAG,DELLQKE,2,Def
TCGCTTCCAGCCCAGGTGGCAGGGTAC,seq_38782,3,ATCTTCGACGGCGCCCTGCAC,IFDGALH,3,Def
TCGCTTCCATTCAACCAACGTACACTC,seq_30806,2,AGCGCCCTGGGCCTGAGCGTG,SALGLSV,2,Def
TCGCTTCCATTCTTCCCATAAACCAAC,seq_2493,2,AACAACAGCACCGACACCGTG,NNSTDTV,2,Def
TCGCTTCCCACCTTCCTACACTCGTAC,seq_22560,2,AAGGTGAGCGCCGAGACCCAG,KVSAETQ,2,Def
TCGCTTCCCATACAGCTGGAAATGCAC,seq_30247,2,GCCCTGCGGCTGGGCGCCGTG,ALRLGAV,2,Def
TCGCTTCCCATCCACCCTGCTAGACAC,seq_22429,2,TTCTGGGGCGACTACCTGCAG,FWGDYLQ,2,Def
TCGCTTCCCGCCCACCTTGCAGCAAGT,seq_15529,2,AGCTTCGACCCCATCCCCATC,SFDPIPI,2,Def
TCGCTTCCCGGCCGTGCTCCAACCCTC,seq_19480,2,AGCTACCAGAGCCCCAGCATC,SYQSPSI,2,Def
TCGCTTCCCGTGAATCCATCATGACTT,seq_19019,2,AGCCGGAGCAGCGGCATCTTC,SRSSGIF,2,Def
TCGCTTCCCTGAAGGCTGGGCACAATT,seq_32232,2,CGGGTGGCCGACAGCGAGCTG,RVADSEL,2,Def
TCGCTTCCTACCTTCGAACCTGTCCTT,seq_41175,2,CTGACCGCCCGGCTGGAGAGC,LTARLES,2,Def
TCGCTTCGATCCAACCCAGCAATGTTG,seq_28100,3,TTCAAGAGCAACTTCAACGGC,FKSNFNG,3,Def
TCGCTTCGATTACATCTTTACTCCAAG,seq_1508,2,GTGGCCGCCGTGGCCAGCGCC,VAAVASA,2,Def
TCGCTTGAAACGAGCCAATGTATGCTG,seq_4412,2,GAGCTGCGGGAGCTGAGCCCC,ELRELSP,2,Def
TCGCTTGAAATGCGCATACCTGCCTGC,seq_6740,2,AACAACACCTTCACCCCCCAG,NNTFTPQ,2,Def
TCGCTTGACATGAAGCTACATACCAAC,seq_16135,2,GTGCTGAACGTGACCATGCCC,VLNVTMP,2,Def
TCGCTTGACGCCTACCCACCCTGCCTG,seq_27655,2,CGGGTGATGTGGTTCGGCCGG,RVMWFGR,2,Def
TCGCTTGATGGCTGCATTTAATCACTT,seq_37344,2,GTGAGCCAGCACGCCGGCCCC,VSQHAGP,2,Def
TCGCTTGCCAGCTGCGCATCTACACGG,seq_28839,2,GACTGGACCAAGCTGCGGTAC,DWTKLRY,2,Def
TCGCTTGCTTGACACAAACAATCAAAG,seq_41146,2,GGCCGGATGTGCCTGCCCAGC,GRMCLPS,2,Def
TCGCTTGGCATCCTCCTACCTAGGAGT,seq_19777,2,AGCCCCAGCAGCACCGCCTGG,SPSSTAW,2,Def
TCGCTTTAAAGAATCAAGCCATTAAAC,seq_30972,2,ACCCTGACCGTGGGCTTCACC,TLTVGFT,2,Def
TCGCTTTACAGCAATATTGCAGCCTTG,seq_15234,2,GCCGTGAGCGAGGACAACCTG,AVSEDNL,2,Def
TCGCTTTACGTATTCGCATCCATATAT,seq_29750,2,GGCAAGGAGTTCAACAACCTG,GKEFNNL,2,Def
TCGCTTTATACAATTCCACATTCCCTT,seq_27860,2,CACGCCTGGGGCCACATCACC,HAWGHIT,2,Def
TCGCTTTATATCTGCCAATCATCGAGG,seq_31802,2,GCCTGCCTGCTGCGGGTGTGC,ACLLRVC,2,Def
TCGCTTTCAACCAACCTAGACTCCAAT,seq_26685,2,GAGCCCACCGACAAGCAGCCC,EPTDKQP,2,Def
TCGCTTTCATCATAGAATCATTGATTG,seq_7896,2,GCCCGGGGCGCCTGCGTGGCC,ARGACVA,2,Def
TCGCTTTCATCCTTCGAAGCAACAATT,seq_29668,2,ACCACCCTGCGGGGCGCCCAG,TTLRGAQ,2,Def
TCGCTTTCCACGTAGAATCACATCAAC,seq_22304,2,GGCTGGCACGGCCCCAAGCCC,GWHGPKP,2,Def
TCGCTTTCCGGCCATACACACAGGCAT,seq_34732,2,GGCCGGGACAACGTGGACGCC,GRDNVDA,2,Def
TCGCTTTCTGGACGGACATCATTCAAC,seq_7404,2,CCCGGCCTGGACACCTTCCTG,PGLDTFL,2,Def
TCGCTTTGAGTGAATCAATAATGATTC,seq_33412,2,CCCGACACCCCCGACCGGACC,PDTPDRT,2,Def
TCGCTTTGTTGGCTGAAGTATTTACAG,seq_41105,2,GGCAAGCTGAGCGAGACCGAC,GKLSETD,2,Def
TCGGAACAATCATGTACACAAGGATGG,seq_27631,2,AACGAGGCCACCGACGGCACC,NEATDGT,2,Def
TCGGAACACGCCTGGCTACACAGAAGC,seq_15469,2,GACGACTACACCTGGCAGACC,DDYTWQT,2,Def
TCGGAACCAACATTCCCGCACGGCCTG,seq_37753,2,CTGGCCGGCCTGGCCGCCGCC,LAGLAAA,2,Def
TCGGAACCAATCAGCATACAAGCATAT,seq_20651,2,ATCCTGGCCGTGCGGGTGGTG,ILAVRVV,2,Def
TCGGAACCAGCCTTCCAATCCACATTT,seq_6948,2,AGCCACAGCACCGCCGAGACC,SHSTAET,2,Def
TCGGAACCCATAAGCAATTCAACACTT,seq_32113,2,CTGGGCTGGCTGCGGGACCTG,LGWLRDL,2,Def
TCGGAACCCATCAACATGTACTTCCGT,seq_39278,2,GACTTCGTGGGCCTGAAGGCC,DFVGLKA,2,Def
TCGGAACCCTTACACCATTCCATGAAT,seq_31845,2,GAGAACGCCGTGGGCACCGTG,ENAVGTV,2,Def
TCGGAACCTACAATGCTACATTTATGC,seq_15758,3,ACCGCCTGCGTGTGCACCCTG,TACVCTL,3,Def
TCGGAACGAACACTTACATAAGCATTC,seq_36954,2,CTGCCCCCCGACCCCAGCCAC,LPPDPSH,2,Def
TCGGAACGCACCTGTAAACGCATCCTC,seq_13105,2,GAGTGCCCCTACAACAAGAGC,ECPYNKS,2,Def
TCGGAAGACACATGGCAGCCCACCTAT,seq_37702,2,CTGCTGCTGTTCCCCAACGGC,LLLFPNG,2,Def
TCGGAAGACGGAAGCCCTCAAACGAAC,seq_6232,2,GCCATGGCCGCCTTCCTGCTG,AMAAFLL,2,Def
TCGGAAGCCATAAGCACGGACAGAATT,seq_40148,2,GCCAGCGACGTGCAGTTCAAG,ASDVQFK,2,Def
TCGGAAGCCGCAATCAAAGACTCATTT,seq_22327,2,CACGCCGACACCCGGGGCCGG,HADTRGR,2,Def
TCGGAAGCTACGAACCTACATTTACAC,seq_15802,3,GCCCACCTGCCCCGGCTGCCC,AHLPRLP,3,Def
TCGGAAGCTTTGTGCCTTGAAATCCGT,seq_38777,2,CGGATCTTCGACGGCGCCCTG,RIFDGAL,2,Def
TCGGAAGGTTGCATTACATAAGTCATG,seq_18724,2,AGCGGCCGGCCCATCTTCGAC,SGRPIFD,2,Def
TCGGAATAAAGCCACCTAGAAAGCAGC,seq_4379,2,CCCAAGAGCCACAAGGCCATC,PKSHKAI,2,Def
TCGGAATACGTAAACCAATGAATGAAC,seq_18517,2,CTGAGCCGGGGCTACAACGTG,LSRGYNV,2,Def
TCGGAATACTTCTGCAAGGCCGGCAAC,seq_40712,2,GAGCGGCTGCCCGCCAAGTAC,ERLPAKY,2,Def
TCGGAATATACCTATCAATCCACCCGT,seq_23448,2,ATCATCAAGAAGGCCAGCAAC,IIKKASN,2,Def
TCGGAATATGCATATACACAAATGATG,seq_24562,2,CCCCGGGGCAGCGTGATGACC,PRGSVMT,2,Def
TCGGAATCAGCGTATCTTGAATCAATC,seq_37484,2,GCCATCTACCTGTGGAACGAG,AIYLWNE,2,Def
TCGGAATCAGGACACACACCAATCTGC,seq_6169,2,AACCACCAGGACCCCATCCCC,NHQDPIP,2,Def
TCGGAATCAGTCAGGCATTAAGTCCGG,seq_3520,2,GACAACAACCACCCCCACCCC,DNNHPHP,2,Def
TCGGAATCATCAAAGAAGTCATTCTAC,seq_39936,2,GACGTGATCGCCCTGATGTAC,DVIALMY,2,Def
TCGGAATCATCCTGCCTACCATCCAAT,seq_2711,2,AGCGCCGCCCCCAGCAGCCCC,SAAPSSP,2,Def
TCGGAATCATGAAGCAAGTCATTCATC,seq_29809,3,GTGGGCCGGGAGTTCAACAAC,VGREFNN,3,Def
TCGGAATCTGGGCTTACAGCTACCCGT,seq_39869,2,GCCGGCTACGTGAAGGCCACC,AGYVKAT,2,Def
TCGGAATGAGCCTACCAAGCCAGAAAT,seq_36478,2,GCCTTCGTGTGCCTGGTGGCC,AFVCLVA,2,Def
TCGGAGCCAGGACGCCCATATACCCAT,seq_12685,2,GGCTGGAAGATCAGCATCCGG,GWKISIR,2,Def
TCGGAGCCAGGCCTTGAGTAATGCTTT,seq_35377,2,GGCCAGCCCAGCCACGCCCCC,GQPSHAP,2,Def
TCGGAGCCCCCATAGACTCACTGCTAC,seq_18443,2,CTGTGCCCCCTGAACGGCAAC,LCPLNGN,2,Def
TCGGAGGAAGCCATCATATCCAGACAT,seq_10604,2,GAGGTGCTGGACGAGTGCCTG,EVLDECL,2,Def
TCGGAGGAATCCAACCCAGCTAGAAAC,seq_14023,3,TACTGCGCCGACGCCGCCGCC,YCADAAA,3,Def
TCGGAGGACACCCGGCCGCCCACCCTC,seq_3212,2,CGGCCCTACGTGATGCTGGCC,RPYVMLA,2,Def
TCGGAGGACGGCATTACAGACGGACAC,seq_24205,3,GGCTACATGTACCTGAAGGGC,GYMYLKG,3,Def
TCGGAGGACTTCAGTAAGTAATCCAGT,seq_38459,2,AGCAGCAAGGTGACCAACATG,SSKVTNM,2,Def
TCGGAGGCAGTCTGGCCAGCCACCTGC,seq_31918,2,CTGCGGGTGTGCTGCCGGCGG,LRVCCRR,2,Def
TCGGAGTATTCCTTTAAATATAGGAGG,seq_19423,2,CTGGCCACCCGGGGCCTGCTG,LATRGLL,2,Def
TCGGAGTCCACCTTCACGGCAACACTG,seq_41590,2,CCCCCCGCCCTGCCCGACACC,PPALPDT,2,Def
TCGGAGTCCATGCACATAGCCTTAAGG,seq_24048,2,TTCGCCGCCCTGTGCCACCGG,FAALCHR,2,Def
TCGGAGTCTATGCTTACGCCCGCCCTC,seq_17750,3,GCCCTGCCCTTCGACAGCGCC,ALPFDSA,3,Def
TCGGAGTGTGTCTGCCATCCCGCATAT,seq_8192,2,TTCACCCCCAGCGTGGAGCAG,FTPSVEQ,2,Def
TCGGATCAAACATTCACATATGTAATT,seq_3639,2,GCCGCCACCGCCGGCAAGCAG,AATAGKQ,2,Def
TCGGATCAAAGCAACAATCCAATACGG,seq_3443,2,GTGCGGGCCATCGACGTGGGC,VRAIDVG,2,Def
TCGGATCAATCGTGCCCAGGAATGAAC,seq_13120,2,GTGGCCGTGCAGACCTTCCCC,VAVQTFP,2,Def
TCGGATCATTCATGCACACCATCACGT,seq_26624,2,CGGGAGCAGACCAAGGACATC,REQTKDI,2,Def
TCGGATCCCACAAACGCTTAATCCATC,seq_12645,2,CCCAGCGTGACCGACCTGGAC,PSVTDLD,2,Def
TCGGATCCCTTAATTATGCGTGGCCAC,seq_11633,2,GCCATCGGCCGGACCATCCAG,AIGRTIQ,2,Def
TCGGATGAAGTACGTAAAGATTCCCTG,seq_38021,2,CGGTTCCACGTGGCCAGCGCC,RFHVASA,2,Def
TCGGATGAATCACGTATTGCTTCCCAG,seq_9145,2,ATCGTGGAGACCCCCAACAGC,IVETPNS,2,Def
TCGGATGAATTATTCCATCATACCAGC,seq_41148,2,TGCCTGCCCAGCACCGCCCTG,CLPSTAL,2,Def
TCGGATGACATATTCGCTCCAATCATC,seq_18924,2,TTCGGCGTGGCCCCCAACGCC,FGVAPNA,2,Def
TCGGATGATGCCCACGCTCCCTGCTAT,seq_4707,2,GCCCTGATCACCTTCTTCAAG,ALITFFK,2,Def
TCGGATGATTTATGTGTTTCCGCACGC,seq_17732,2,GACGCCGAGGAGGACGACAGC,DAEEDDS,2,Def
TCGGATGCATCAAATCAATATACCTTT,seq_21105,2,ATCAGCATCTACTGGACCATC,ISIYWTI,2,Def
TCGGATGCTAGACACCAACACGTACAT,seq_28177,2,CGGAGCAGCATGCGGGGCAGC,RSSMRGS,2,Def
TCGGATGGCTCATACACTGATTTCCAG,seq_27468,2,TTCGTGGCCACCAGCAGCAGC,FVATSSS,2,Def
TCGGATGGCTCGTATACTGCCGCGCGG,seq_31037,2,GCCAAGATCCAGCACCCCCGG,AKIQHPR,2,Def
TCGGATTAAAGAAGCACTTAATTCCAC,seq_40924,2,AGCGCCAGCACCGTGACCGCC,SASTVTA,2,Def
TCGGATTAAAGCCACGCGGCAAGACAT,seq_5660,2,GTGGTGTACGACAGCATGTTC,VVYDSMF,2,Def
TCGGATTATACAATGCCTCGAGGGTGG,seq_30821,2,GACCTGGGCCTGCCCCACTGG,DLGLPHW,2,Def
TCGGATTCAATCAGTGAACCATTAAAT,seq_15475,2,GAGGTGAAGCTGGACAAGACC,EVKLDKT,2,Def
TCGGATTGTTCACACGCTTACAGCCAC,seq_35620,2,AGCCTGGACAACATCACCCAC,SLDNITH,2,Def
TCGGCACAAACAAGCCATTGTGGACGC,seq_14798,2,CAGGGCCGGGTGGGCTGGCGG,QGRVGWR,2,Def
TCGGCACAAATACTTGCACGCTCCCAT,seq_16880,2,CTGCTGGTGTACGACAGCGCC,LLVYDSA,2,Def
TCGGCACAAGTAATCGAACAAACCTGT,seq_18713,2,AAGACCGAGATCGAGACCCTG,KTEIETL,2,Def
TCGGCACATACCAACACTCAATTGCAC,seq_21983,2,ATCCGGAACCCCGGCCTGGGC,IRNPGLG,2,Def
TCGGCACATACCAGGCAACGTAGATGT,seq_34472,2,AGCGGCGTGATGATCTTCGGC,SGVMIFG,2,Def
TCGGCACCATGAAACGCACAAACGCGG,seq_39901,2,GACGCCCGGGGCGCCATCGCC,DARGAIA,2,Def
TCGGCACCCAGCCGCATGCCATCGAAC,seq_33878,2,AAGGTGGACGGCGTGAAGCTG,KVDGVKL,2,Def
TCGGCACCCGTGATTAAGCCTACCCTC,seq_39503,2,CACCCCACCCCCGACACCGCC,HPTPDTA,2,Def
TCGGCACCCTCCTACACACACACACAC,seq_36391,2,CCCGCCGACCCCCCCACCACC,PADPPTT,2,Def
TCGGCACCTATGCTCAAATCCACATAC,seq_8090,2,TGCCTGAGCCTGAGCCCCGCC,CLSLSPA,2,Def
TCGGCACGAGCGATCAAGTAATCGCTG,seq_24753,2,TACATCAACTACCGGGACCTG,YINYRDL,2,Def
TCGGCACGCATAATGAAGTCATGGAAC,seq_19833,2,TGGGGCGTGCGGCTGCCCAGC,WGVRLPS,2,Def
TCGGCACGCTCATAGATTCCTGGATTT,seq_27826,2,GCCAACGCCAAGGTGCTGGTG,ANAKVLV,2,Def
TCGGCAGAAACGCAGACTCCATCACTC,seq_19910,2,TGCGGCGTGCTGGGCCTGCGG,CGVLGLR,2,Def
TCGGCAGAAGTAAGCCAACAAGGCAAT,seq_2326,2,AGCGCCACCACCGGCGCCGAG,SATTGAE,2,Def
TCGGCAGAATCACTCCATGCAAGCAAC,seq_32572,2,GACCGGAGCATCGCCATGACC,DRSIAMT,2,Def
TCGGCAGACGGCTGGCAACCAACACGC,seq_10345,2,CAGATCCGGTGCCGGTTCCCC,QIRCRFP,2,Def
TCGGCAGATATCTTTCATGCAAGACTC,seq_41979,2,CACCACGTGCGGATGCTGCTG,HHVRMLL,2,Def
TCGGCAGCATCACACATACCTAGAAGT,seq_41656,2,CCCGGCGGCGAGAACCGGCGG,PGGENRR,2,Def
TCGGCAGCCAGACGTCCTCACGTCATG,seq_24385,2,AAGGCCTTCAAGTTCGCCCGG,KAFKFAR,2,Def
TCGGCAGGAACACTTCTTTGCGCCAAC,seq_8061,2,GACACCAGCGGCTACGACAGC,DTSGYDS,2,Def
TCGGCAGGCTTCTTGCTATGCATATAC,seq_28465,2,AACAGCACCGAGGACATCACC,NSTEDIT,2,Def
TCGGCAGGTATCAACGTTCATTCAAAC,seq_28912,2,AAGCAGATCAACCACCACTGG,KQINHHW,2,Def
TCGGCATAAATCCACATGCAAACAAAC,seq_41709,2,CCCACCGCCCCCGTGCTGGGC,PTAPVLG,2,Def
TCGGCATAATGACAGATACGAGGAATC,seq_22591,2,GCCCGGATCACCCACGTGGAC,ARITHVD,2,Def
TCGGCATACACCTTTGAAGACACGAAG,seq_12335,2,GCCGGCGACAGCAACACCACC,AGDSNTT,2,Def
TCGGCATATTCGCTTAAACAAATCCAG,seq_30466,2,TTCAACAACATCGCCAAGCTG,FNNIAKL,2,Def
TCGGCATCAAGCCATACGTCCACCATC,seq_8193,2,TTCCTGACCGGCGGCCTGGTG,FLTGGLV,2,Def
TCGGCATGTACCAGTCATCCCGTCCGC,seq_22251,2,GTGGTGACCGAGAGCTGCCCC,VVTESCP,2,Def
TCGGCGCAAGGCCATCCATCTACACAT,seq_10227,2,TGGAAGATCACCTACAAGGAC,WKITYKD,2,Def
TCGGCGTACTTCAACACTCATATCATC,seq_22769,2,GTGAAGAAGGGCGACAGCACC,VKKGDST,2,Def
TCGGCGTATGGATTTCCTCACTTCCAT,seq_1533,2,ACCACCCTGTTCTGCGCCAGC,TTLFCAS,2,Def
TCGGCGTGTACATACAATTCCACCTTG,seq_41520,2,CGGCCCGCCCCCGTGGGCCCC,RPAPVGP,2,Def
TCGGCTCAAACCAACCTGGGCATAATC,seq_10908,2,CCCGACAGCAGCTGGCTGCGG,PDSSWLR,2,Def
TCGGCTCAAGCCATTGAGCACTCGAAT,seq_39918,2,GACAAGGAGGGCGACGTGACC,DKEGDVT,2,Def
TCGGCTCACACACATATTCAAGGCTTC,seq_19640,2,CCCGCCGACCTGACCGCCGCC,PADLTAA,2,Def
TCGGCTCACACATATCCTTATATAAAG,seq_40058,2,AGCCCCGTGCTGAGCCCCTGC,SPVLSPC,2,Def
TCGGCTCACACCAACCCGTGAAGCCTC,seq_32234,2,CTGCGGGACCTGCTGGCCTGG,LRDLLAW,2,Def
TCGGCTCATACAATGACTTGAATCATC,seq_19049,2,CTGGTGGGCTGGCGGTGGATC,LVGWRWI,2,Def
TCGGCTCCAGGCATCCCTCATACCCAT,seq_24166,2,AGCAACACCGACAACTTCGTG,SNTDNFV,2,Def
TCGGCTCCCACCAACCAAGGTTCGCAG,seq_41645,2,GTGCCCCCCCCCGTGGCCACC,VPPPVAT,2,Def
TCGGCTCCCGGACATCCACAATCCCAG,seq_37083,2,AAGCAGCAGGGCGTGGTGATC,KQQGVVI,2,Def
TCGGCTCCTATGATCCTACGAACCCTG,seq_28181,2,CTGCGGCTGCCCCACATCCGG,LRLPHIR,2,Def
TCGGCTCCTTTAAATAATCCCTCACTC,seq_18975,2,GAGAGCAGCCAGGAGAGCCCC,ESSQESP,2,Def
TCGGCTCGCAGCCTCAAATACTCAAAC,seq_40085,2,ACCAGCGCCGACATCGCCGCC,TSADIAA,2,Def
TCGGCTGCCTTCCTCACTGCTATAAAT,seq_23460,2,CAGCGGCTGCTGCAGAGCTTC,QRLLQSF,2,Def
TCGGCTTACAGACTCACGCCAGCCCTC,seq_26342,2,TGCCGGATCCCCGTGCGGGCC,CRIPVRA,2,Def
TCGGCTTACGCACACGTGGATTTGAAC,seq_18110,2,ATCCGGATCGACACCGCCTGC,IRIDTAC,2,Def
TCGGCTTACTCACTCATATATTCCCTG,seq_13026,2,GTGAGCAGCGTGCTGCGGTGG,VSSVLRW,2,Def
TCGGCTTACTGCCACACATACATGAGC,seq_16728,3,CTGCCCTTCAGCGCCCCCCGG,LPFSAPR,3,Def
TCGGCTTATATCCTTCAGTATACGAAC,seq_2233,2,CACATCGGCATCGACATCAAG,HIGIDIK,2,Def
TCGGTACAAACCATCGTACCTACCATC,seq_3465,2,TTCGACTTCTTCAGCCGGGTG,FDFFSRV,2,Def
TCGGTACACACAAGCCCACGAAGATAT,seq_24221,2,ACCCGGGTGCGGGGCGGCGAC,TRVRGGD,2,Def
TCGGTACATAGATGCATGCCCGTCTAC,seq_5067,2,ACCGTGGACCCCAAGCTGTTC,TVDPKLF,2,Def
TCGGTACCAGCAATTAAAGACTGGCTC,seq_35280,2,CACATCCCCTTCCCCCTGGCC,HIPFPLA,2,Def
TCGGTACCCATCCACCAACCTTCCCAC,seq_31544,2,GAGCCCATCTACGACACCGTG,EPIYDTV,2,Def
TCGGTACCTGGAAGTACTTCTGCACAC,seq_40458,2,AACGACCCCGCCGCCGCCGCC,NDPAAAA,2,Def
TCGGTACCTTCATACACATACTCCAAG,seq_32514,2,GGCGTGAACGCCCGGGACCGG,GVNARDR,2,Def
TCGGTACGAAGGAATATATCAGGCAAT,seq_19794,2,CCCATCAGCGCCGAGATCAGC,PISAEIS,2,Def
TCGGTACGCACCAAGACAGCAGGAATT,seq_41894,2,CCCCGGGAGCCCCACAGCCCC,PREPHSP,2,Def
TCGGTACGCAGACGTACGTCAACCTAG,seq_22437,2,ACCGGCAACCCCATCACCATC,TGNPITI,2,Def
TCGGTAGACGCAAACCTACACACATTC,seq_35460,2,GGCACCTGCTACAGCCGGCCC,GTCYSRP,2,Def
TCGGTAGCTAGCCTCACACATATCTTC,seq_34397,3,ACCGTGGCCAGCAGCCTGGTG,TVASSLV,3,Def
TCGGTAGGCAGAAACCCGTACAGCCAC,seq_34435,2,GCCAGCAGCCTGGCCCTGGCC,ASSLALA,2,Def
TCGGTATACACATTCGAATCTGTCAGT,seq_30710,2,GGCTTCCTGAGCAGCATCGGC,GFLSSIG,2,Def
TCGGTATACGCCCGCCTTCCTACAATC,seq_41331,2,AGCATGACCCCCGTGGCCGTG,SMTPVAV,2,Def
TCGGTATCATGACTTAAATCAGGCCAG,seq_27567,2,GTGTACCTGGTGCGGCGGCGG,VYLVRRR,2,Def
TCGGTATCCACATGTCATCAAACCATT,seq_9750,2,ACCGTGAAGGGCTGCCTGAAC,TVKGCLN,2,Def
TCGGTATCCATCAATAAGGACATGAGT,seq_2911,2,AGCATCAACGGCGACGTGTAC,SINGDVY,2,Def
TCGGTATCCTCACAGACGCGAAGGCAT,seq_681,2,CTGCTGCTGCTGTTCGTGCTG,LLLLFVL,2,Def
TCGGTATGTACACACCCAGGCTTACAT,seq_22004,2,GAGTGGAGCCTGGCCATCCCC,EWSLAIP,2,Def
TCGGTATGTATGAAGCAACCCTCATAG,seq_5989,2,ACCGGCGTGGTGACCGAGGCC,TGVVTEA,2,Def
TCGGTGCAAGGGAACACTCATGCCAAT,seq_26466,2,CACACCAACGCCACCGCCGAC,HTNATAD,2,Def
TCGGTGCATATCAGTACGCACGTCATC,seq_17083,2,ACCATCATCGTGCCCTACATC,TIIVPYI,2,Def
TCGGTGCATATCCTTGCGGCCATACAC,seq_5865,2,TTCTACGCCACCGCCAGCAGC,FYATASS,2,Def
TCGGTGCCCTTCTACGCTCGCTCACAC,seq_32289,2,TTCCACAGCCGGCCCCAGCAC,FHSRPQH,2,Def
TCGGTGCGCTGACATCCACACGCAAGC,seq_40048,2,CACCTGAACGGCGCCAGCCCC,HLNGASP,2,Def
TCGGTGCGTTTCAACCCTGATACGCAT,seq_9721,2,GTGGTGCGGGAGCCCAGCACC,VVREPST,2,Def
TCGGTGGAAATAATGAAATGTTGCCGC,seq_25489,2,GCCACCCAGGGCTACCTGATC,ATQGYLI,2,Def
TCGGTGGATACCAGTGCATATGGAAAC,seq_1204,2,GTGACCCGGAACGCCCTGACC,VTRNALT,2,Def
TCGGTGGCATCAAACCAATGATGATAG,seq_37961,2,GCCAGCGACAACAACGACCGG,ASDNNDR,2,Def
TCGGTGGCCATACTGCAATACTGAAAC,seq_41162,2,CCCGACGACTACACCGAGTAC,PDDYTEY,2,Def
TCGGTGGCCTCGAACCAACGATTACAC,seq_24197,2,GCCTGCGAGCACTACCACACC,ACEHYHT,2,Def
TCGGTGTAATCCCTGACATCAGCAATG,seq_4844,2,AACATGGAGACCACCTTCAAC,NMETTFN,2,Def
TCGGTGTACTCATGCATTCACACCAAT,seq_38287,2,GGCGTGTGCGACGAGCTGGCC,GVCDELA,2,Def
TCGGTGTATGCCCTCCTACCATCACAC,seq_10437,2,GACGAGGCCCGGAAGCACACC,DEARKHT,2,Def
TCGGTGTCCTTAAGTCCGGAAACATTG,seq_40875,2,CGGCCCTTCGCCCCCAGCTTC,RPFAPSF,2,Def
TCGGTGTCCTTCAGCGCACACACAAGT,seq_35181,2,CACCAGAAGACCCTGTTCTGG,HQKTLFW,2,Def
TCGGTTCACACATATCTAGATGCGTTG,seq_41391,2,GACGCCAGCCTGCTGAGCGGC,DASLLSG,2,Def
TCGGTTCACACCCTCCCACACATCCTC,seq_12405,2,GACCTGGCCGAGGGCTGGATG,DLAEGWM,2,Def
TCGGTTCACTCGCATCAACCCGCCAGC,seq_35929,2,GAGATCCTGTTCAACAACGTG,EILFNNV,2,Def
TCGGTTCATACCTAGACATATGCACAC,seq_1774,2,GACCTGAAGGACCGGGACGTG,DLKDRDV,2,Def
TCGGTTCCATCAAATCAACCCTTCCGC,seq_37790,2,CGGCGGCTGTACGCCGTGGTG,RRLYAVV,2,Def
TCGGTTCCCACGCTGACATAAATGAAG,seq_307,2,GACCTGATCGAGGGCGTGGTG,DLIEGVV,2,Def
TCGGTTCCCAGACTCCCATCCATCAAC,seq_9155,2,CCCTTCCTGTTCGCCGCCGGC,PFLFAAG,2,Def
TCGGTTCGAAGCAAGACTCGAGTCTTG,seq_8768,2,CCCCTGGCCATCGCCTACAGC,PLAIAYS,2,Def
TCGGTTCGAATACTTCATCCATCAAAC,seq_1841,2,AGCACCGAGGCCCCCAGCCTG,STEAPSL,2,Def
TCGGTTCGATTCCATCTACACATGTTC,seq_28143,2,GTGAGCAGCCTGCTGCAGCTG,VSSLLQL,2,Def
TCGGTTCGTGGCATTCCTTGCTCCTTG,seq_2599,2,AAGGAGAAGCTGACCCTGACC,KEKLTLT,2,Def
TCGGTTGAATTACTCCCTCGTTCACAC,seq_39830,2,TGCCACCCCCCCAAGGACCAC,CHPPKDH,2,Def
TCGGTTGCAATAAATAAATGATCCAAG,seq_15372,2,CAGTGCGCCGTGGAGTGGATC,QCAVEWI,2,Def
TCGGTTTAATGCTACCCATACATACAC,seq_36500,2,GACAAGCTGAACAGCTTCATC,DKLNSFI,2,Def
TCGGTTTACAGATATACACCCAGCATG,seq_7425,2,GCCAGCCTGGGCCCCGGCCTG,ASLGPGL,2,Def
TCGGTTTATTCCAACATGTCCTGCCAT,seq_5079,2,ATCCCCTTCGACCTGAGCGCC,IPFDLSA,2,Def
TCGGTTTCAATGCGGATTGCCAGAATC,seq_5008,2,GACAGCCACAACGGCAAGCTG,DSHNGKL,2,Def
TCGGTTTCCACATATCCAGGAATGAAT,seq_15946,3,CGGCTGAGCAGCGCCAACCTG,RLSSANL,3,Def
TCGGTTTCTGTCAACATGCGTTGATGG,seq_20512,2,CCCAACCTGAGCAGCAAGCGG,PNLSSKR,2,Def
TCGGTTTCTTCCATTACGTCCACCAAC,seq_9613,2,GACGAGGTGGGCCTGCGGACC,DEVGLRT,2,Def
TCGGTTTCTTTCAGGAAACAATCGAAT,seq_2114,2,AACGCCGAGGTGCGGGTGGGC,NAEVRVG,2,Def
