Group,RNAcount,library,LUTnr,Peptide,Sequence
Cerebellum,135853.0,p005,seq_15148,DAGIPIS,GACGCCGGCATCCCCATCAGC
Cerebellum,1223.0,p006,seq_119817,VQVVLMP,GTGCAGGTGGTTTTGATGCCG
Cerebellum,1137.0,p005,seq_4812,ADDPAFL,GCCGACGACCCCGCCTTCCTG
Cerebellum,370.0,p005,seq_28500,AKTGETS,GCCAAGACCGGCGAGACCAGC
Cerebellum,304.0,p007,seq_105556,VRNDPAA,GTGCGGAACGACCCCGCCGCC
Cerebellum,235.0,p005,seq_8537,GRAVSLP,GGCCGGGCCGTGAGCCTGCCC
Cerebellum,117.0,p007,seq_90504,GPVAGTP,GGCCCCGTGGCCGGCACCCCC
Cerebellum,102.0,p006,seq_812761,LVMQGFP,TTGGTGATGCAGGGGTTTCCG
Cerebellum,96.0,p005,seq_10758,LASLAVV,CTGGCCAGCCTGGCCGTGGTG
Cerebellum,95.0,p007,seq_112434,DEDSDTT,GACGAGGACAGCGACACCACC
Cerebellum,95.0,p007,seq_73783,DDGPMVP,GACGACGGCCCCATGGTGCCC
Cerebellum,91.0,p005,seq_3929,LAQLISA,CTGGCCCAGCTGATCAGCGCC
Cerebellum,91.0,p007,seq_82084,VAPDNVI,GTGGCCCCCGACAACGTGATC
Cerebellum,84.0,p006,seq_112788,NIAAATG,AACATCGCCGCCGCCACCGGC
Cerebellum,84.0,p006,seq_646078,NLILISM,AATCTTATTTTGATTTCTTAG
Cerebellum,78.0,p005,seq_33258,EPPGADL,GAGCCCCCCGGCGCCGACCTG
Cerebellum,74.0,p006,seq_631020,IYTVGLR,ATTTATACTGTTGGGTTGCGG
Cerebellum,73.0,p007,seq_97809,YHGYSCD,TACCACGGCTACAGCTGCGAC
Cerebellum,61.0,p005,seq_30544,YKQISGV,TACAAGCAGATCAGCGGCGTG
Cerebellum,57.0,p007,seq_90907,SNPFGAL,AGCAACCCCTTCGGCGCCCTG
Cerebellum,53.0,p005,seq_4390,LKQDPDK,CTGAAGCAGGACCCCGACAAG
Cerebellum,53.0,p005,seq_37349,GMGDLGR,GGCATGGGCGACCTGGGCCGG
Cerebellum,51.0,p005,seq_3044,LDGLGMD,CTGGACGGCCTGGGCATGGAC
Cerebellum,49.0,p005,seq_10534,GAVTSRY,GGCGCCGTGACCAGCCGGTAC
Cerebellum,48.0,p005,seq_32901,TGVTSLV,ACCGGCGTGACCAGCCTGGTG
Corpus_callosum,59437.0,p005,seq_37719,GQLLHNT,GGCCAGCTGCTGCACAACACC
Corpus_callosum,46874.0,p005,seq_4812,ADDPAFL,GCCGACGACCCCGCCTTCCTG
Corpus_callosum,40958.0,p005,seq_28500,AKTGETS,GCCAAGACCGGCGAGACCAGC
Corpus_callosum,1246.0,p005,seq_33511,FTWTGAS,TTCACCTGGACCGGCGCCAGC
Corpus_callosum,1194.0,p005,seq_8537,GRAVSLP,GGCCGGGCCGTGAGCCTGCCC
Corpus_callosum,1140.0,p006,seq_119817,VQVVLMP,GTGCAGGTGGTTTTGATGCCG
Corpus_callosum,669.0,p005,seq_29039,YPLVGAM,TACCCCCTGGTGGGCGCCATG
Corpus_callosum,478.0,p005,seq_3929,LAQLISA,CTGGCCCAGCTGATCAGCGCC
Corpus_callosum,466.0,p005,seq_20858,LDLTSFV,CTGGACCTGACCAGCTTCGTG
Corpus_callosum,440.0,p005,seq_14214,SSGIGKT,AGCAGCGGCATCGGCAAGACC
Corpus_callosum,429.0,p005,seq_5059,KHRRGTP,AAGCACCGGCGGGGCACCCCC
Corpus_callosum,372.0,p005,seq_27475,NGIIKGP,AACGGCATCATCAAGGGCCCC
Corpus_callosum,298.0,p005,seq_8184,VVEANQP,GTGGTGGAGGCCAACCAGCCC
Corpus_callosum,269.0,p005,seq_37349,GMGDLGR,GGCATGGGCGACCTGGGCCGG
Corpus_callosum,267.0,p005,seq_35692,ENQISTI,GAGAACCAGATCAGCACCATC
Corpus_callosum,264.0,p005,seq_20394,EKPNLSS,GAGAAGCCCAACCTGAGCAGC
Corpus_callosum,258.0,p005,seq_9313,SGGTTNF,AGCGGCGGCACCACCAACTTC
Corpus_callosum,251.0,p005,seq_30597,TQADLLP,ACCCAGGCCGACCTGCTGCCC
Corpus_callosum,247.0,p005,seq_20964,TRTWALP,ACCCGGACCTGGGCCCTGCCC
Corpus_callosum,245.0,p005,seq_4477,SGDKIIV,AGCGGCGACAAGATCATCGTG
Corpus_callosum,244.0,p005,seq_15129,PARKRLN,CCCGCCCGGAAGCGGCTGAAC
Corpus_callosum,244.0,p005,seq_3891,SSVITYP,AGCAGCGTGATCACCTACCCC
Corpus_callosum,236.0,p005,seq_32458,PRNATPA,CCCCGGAACGCCACCCCCGCC
Corpus_callosum,228.0,p007,seq_23622,EPAAGLL,GAGCCCGCCGCCGGCCTGCTG
Corpus_callosum,210.0,p006,seq_624948,NGFMSFS,AATGGTTTTTAGTCTTTTAGT
DNAse_resistant_AAVs,17138.0,p007,seq_102890,DPSRAFA,GACCCCAGCCGGGCCTTCGCC
DNAse_resistant_AAVs,15827.0,p007,seq_91901,GDTPDRL,GGCGACACCCCCGACCGGCTG
DNAse_resistant_AAVs,10659.0,p007,seq_93736,VCDELAA,GTGTGCGACGAGCTGGCCGCC
DNAse_resistant_AAVs,10355.0,p007,seq_15164,LAHRHGA,CTGGCCCACCGGCACGGCGCC
DNAse_resistant_AAVs,9804.0,p007,seq_5075,GVPTNVS,GGCGTGCCCACCAACGTGAGC
DNAse_resistant_AAVs,9671.0,p007,seq_32898,RRCVGRQ,CGGCGGTGCGTGGGCCGGCAG
DNAse_resistant_AAVs,9348.0,p007,seq_43036,APGVWVR,GCCCCCGGCGTGTGGGTGCGG
DNAse_resistant_AAVs,8569.0,p007,seq_39533,TSIEALG,ACCAGCATCGAGGCCCTGGGC
DNAse_resistant_AAVs,8550.0,p007,seq_101426,ADPASTV,GCCGACCCCGCCAGCACCGTG
DNAse_resistant_AAVs,8550.0,p007,seq_48260,HEPPSNA,CACGAGCCCCCCAGCAACGCC
DNAse_resistant_AAVs,8246.0,p007,seq_84508,NNELRLT,AACAACGAGCTGCGGCTGACC
DNAse_resistant_AAVs,8008.0,p007,seq_35361,TTSTWEP,ACCACCAGCACCTGGGAGCCC
DNAse_resistant_AAVs,7885.0,p007,seq_109041,GASMDAA,GGCGCCAGCATGGACGCCGCC
DNAse_resistant_AAVs,7885.0,p007,seq_110898,VAGGEDV,GTGGCCGGCGGCGAGGACGTG
DNAse_resistant_AAVs,7828.0,p007,seq_108620,AVTDKLG,GCCGTGACCGACAAGCTGGGC
DNAse_resistant_AAVs,7828.0,p007,seq_87247,LEPAARG,CTGGAGCCCGCCGCCCGGGGC
DNAse_resistant_AAVs,7828.0,p007,seq_89919,RAVGKVV,CGGGCCGTGGGCAAGGTGGTG
DNAse_resistant_AAVs,7695.0,p007,seq_41088,ETDPVTF,GAGACCGACCCCGTGACCTTC
DNAse_resistant_AAVs,7543.0,p007,seq_58598,EEVRVST,GAGGAGGTGCGGGTGAGCACC
DNAse_resistant_AAVs,7486.0,p007,seq_68588,PAAKSAV,CCCGCCGCCAAGAGCGCCGTG
DNAse_resistant_AAVs,7296.0,p007,seq_3964,GGLSSTE,GGCGGCCTGAGCAGCACCGAG
DNAse_resistant_AAVs,7220.0,p007,seq_65129,SLLQLGE,AGCCTGCTGCAGCTGGGCGAG
DNAse_resistant_AAVs,7182.0,p007,seq_111589,ALPDTVA,GCCCTGCCCGACACCGTGGCC
DNAse_resistant_AAVs,7068.0,p007,seq_112376,HIDATPP,CACATCGACGCCACCCCCCCC
DNAse_resistant_AAVs,7030.0,p007,seq_14784,AILAHRH,GCCATCCTGGCCCACCGGCAC
Fimbria,218656.0,p005,seq_4812,ADDPAFL,GCCGACGACCCCGCCTTCCTG
Fimbria,120658.0,p005,seq_28500,AKTGETS,GCCAAGACCGGCGAGACCAGC
Fimbria,114033.0,p006,seq_119817,VQVVLMP,GTGCAGGTGGTTTTGATGCCG
Fimbria,111422.0,p005,seq_8537,GRAVSLP,GGCCGGGCCGTGAGCCTGCCC
Fimbria,45664.0,p005,seq_3929,LAQLISA,CTGGCCCAGCTGATCAGCGCC
Fimbria,13368.0,p005,seq_853,SDRVAQL,AGCGACCGGGTGGCCCAGCTG
Fimbria,12938.0,p005,seq_23056,FDPAQIH,TTCGACCCCGCCCAGATCCAC
Fimbria,9154.0,p005,seq_23621,SKGLSGV,AGCAAGGGCCTGAGCGGCGTG
Fimbria,8929.0,p005,seq_29039,YPLVGAM,TACCCCCTGGTGGGCGCCATG
Fimbria,8682.0,p005,seq_6479,ISLPAVH,ATCAGCCTGCCCGCCGTGCAC
Fimbria,7455.0,p005,seq_38429,QRGQTLD,CAGCGGGGCCAGACCCTGGAC
Fimbria,6875.0,p005,seq_17994,GDSDKQR,GGCGACAGCGACAAGCAGCGG
Fimbria,6574.0,p007,seq_104000,DRVESGA,GACCGGGTGGAGAGCGGCGCC
Fimbria,5511.0,p005,seq_16475,SDPPAQV,AGCGACCCCCCCGCCCAGGTG
Fimbria,5443.0,p005,seq_13692,VESHGNY,GTGGAGAGCCACGGCAACTAC
Fimbria,5202.0,p005,seq_15147,DDLSFLD,GACGACCTGAGCTTCCTGGAC
Fimbria,5126.0,p005,seq_33860,QRHVNDM,CAGCGGCACGTGAACGACATG
Fimbria,4337.0,p005,seq_18604,ATGLDIP,GCCACCGGCCTGGACATCCCC
Fimbria,3863.0,p006,seq_24019,LLGITYS,TTGCTTGGTATTACTTATTCG
Fimbria,3736.0,p007,seq_81781,LDLSYSH,CTGGACCTGAGCTACAGCCAC
Fimbria,3606.0,p005,seq_21083,FGISRVL,TTCGGCATCAGCCGGGTGCTG
Fimbria,3279.0,p006,seq_631020,IYTVGLR,ATTTATACTGTTGGGTTGCGG
Fimbria,3090.0,p005,seq_12718,TEGFTWT,ACCGAGGGCTTCACCTGGACC
Fimbria,2948.0,p005,seq_33511,FTWTGAS,TTCACCTGGACCGGCGCCAGC
Fimbria,2938.0,p005,seq_32709,SRCGLDS,AGCCGGTGCGGCCTGGACAGC
Forebrain_ventricle,1343.0,p005,seq_28500,AKTGETS,GCCAAGACCGGCGAGACCAGC
Forebrain_ventricle,670.0,p005,seq_5059,KHRRGTP,AAGCACCGGCGGGGCACCCCC
Forebrain_ventricle,581.0,p005,seq_4812,ADDPAFL,GCCGACGACCCCGCCTTCCTG
Forebrain_ventricle,524.0,p005,seq_22289,LGAPVFH,CTGGGCGCCCCCGTGTTCCAC
Forebrain_ventricle,427.0,p005,seq_16475,SDPPAQV,AGCGACCCCCCCGCCCAGGTG
Forebrain_ventricle,394.0,p006,seq_24019,LLGITYS,TTGCTTGGTATTACTTATTCG
Forebrain_ventricle,380.0,p007,seq_104000,DRVESGA,GACCGGGTGGAGAGCGGCGCC
Forebrain_ventricle,378.0,p005,seq_37349,GMGDLGR,GGCATGGGCGACCTGGGCCGG
Forebrain_ventricle,317.0,p005,seq_16057,VCTLLSR,GTGTGCACCCTGCTGAGCCGG
Forebrain_ventricle,279.0,p005,seq_20964,TRTWALP,ACCCGGACCTGGGCCCTGCCC
Forebrain_ventricle,252.0,p005,seq_12718,TEGFTWT,ACCGAGGGCTTCACCTGGACC
Forebrain_ventricle,246.0,p005,seq_32709,SRCGLDS,AGCCGGTGCGGCCTGGACAGC
Forebrain_ventricle,238.0,p007,seq_10602,TLFGYSV,ACCCTGTTCGGCTACAGCGTG
Forebrain_ventricle,233.0,p005,seq_31258,WFSSWKS,TGGTTCAGCAGCTGGAAGAGC
Forebrain_ventricle,227.0,p005,seq_25067,AVNEAAM,GCCGTGAACGAGGCCGCCATG
Forebrain_ventricle,224.0,p007,seq_81781,LDLSYSH,CTGGACCTGAGCTACAGCCAC
Forebrain_ventricle,208.0,p005,seq_36436,DVTTVST,GACGTGACCACCGTGAGCACC
Forebrain_ventricle,199.0,p005,seq_16171,SQFMGIF,AGCCAGTTCATGGGCATCTTC
Forebrain_ventricle,199.0,p005,seq_18541,VIANGEI,GTGATCGCCAACGGCGAGATC
Forebrain_ventricle,188.0,p005,seq_18519,LATRVAR,CTGGCCACCCGGGTGGCCCGG
Forebrain_ventricle,187.0,p005,seq_8269,GEDPNLL,GGCGAGGACCCCAACCTGCTG
Forebrain_ventricle,174.0,p005,seq_33498,PDRTLMS,CCCGACCGGACCCTGATGAGC
Forebrain_ventricle,164.0,p005,seq_10369,ESLQNPY,GAGAGCCTGCAGAACCCCTAC
Forebrain_ventricle,161.0,p005,seq_41707,ADPTAPV,GCCGACCCCACCGCCCCCGTG
Forebrain_ventricle,160.0,p007,seq_43637,SWTQHAN,AGCTGGACCCAGCACGCCAAC
Infective_AAVs,995690.0,p005,seq_29039,YPLVGAM,TACCCCCTGGTGGGCGCCATG
Infective_AAVs,847258.0,p005,seq_4812,ADDPAFL,GCCGACGACCCCGCCTTCCTG
Infective_AAVs,551190.0,p007,seq_104000,DRVESGA,GACCGGGTGGAGAGCGGCGCC
Infective_AAVs,461982.0,p005,seq_16475,SDPPAQV,AGCGACCCCCCCGCCCAGGTG
Infective_AAVs,376820.0,p007,seq_81781,LDLSYSH,CTGGACCTGAGCTACAGCCAC
Infective_AAVs,322887.0,p005,seq_37051,RGEEIRV,CGGGGCGAGGAGATCCGGGTG
Infective_AAVs,318370.0,p006,seq_24019,LLGITYS,TTGCTTGGTATTACTTATTCG
Infective_AAVs,251926.0,p005,seq_12718,TEGFTWT,ACCGAGGGCTTCACCTGGACC
Infective_AAVs,245167.0,p005,seq_32709,SRCGLDS,AGCCGGTGCGGCCTGGACAGC
Infective_AAVs,243296.0,p005,seq_36436,DVTTVST,GACGTGACCACCGTGAGCACC
Infective_AAVs,239509.0,p006,seq_119817,VQVVLMP,GTGCAGGTGGTTTTGATGCCG
Infective_AAVs,237486.0,p005,seq_28500,AKTGETS,GCCAAGACCGGCGAGACCAGC
Infective_AAVs,224716.0,p005,seq_31258,WFSSWKS,TGGTTCAGCAGCTGGAAGAGC
Infective_AAVs,220127.0,p005,seq_18541,VIANGEI,GTGATCGCCAACGGCGAGATC
Infective_AAVs,208145.0,p007,seq_51361,DSSSLVP,GACAGCAGCAGCCTGGTGCCC
Infective_AAVs,202638.0,p005,seq_6195,SVSDLST,AGCGTGAGCGACCTGAGCACC
Infective_AAVs,190251.0,p005,seq_33498,PDRTLMS,CCCGACCGGACCCTGATGAGC
Infective_AAVs,185984.0,p005,seq_5652,GFTCTGV,GGCTTCACCTGCACCGGCGTG
Infective_AAVs,168090.0,p005,seq_226,GRSLQGL,GGCCGGAGCCTGCAGGGCCTG
Infective_AAVs,162280.0,p007,seq_43637,SWTQHAN,AGCTGGACCCAGCACGCCAAC
Infective_AAVs,157155.0,p005,seq_10369,ESLQNPY,GAGAGCCTGCAGAACCCCTAC
Infective_AAVs,150607.0,p005,seq_26385,AASVNLE,GCCGCCAGCGTGAACCTGGAG
Infective_AAVs,146886.0,p005,seq_15148,DAGIPIS,GACGCCGGCATCCCCATCAGC
Infective_AAVs,142090.0,p005,seq_7326,PKQVPET,CCCAAGCAGGTGCCCGAGACC
Infective_AAVs,123815.0,p005,seq_19403,IPPAACL,ATCCCCCCCGCCGCCTGCCTG
Medulla,107757.0,p006,seq_119817,VQVVLMP,GTGCAGGTGGTTTTGATGCCG
Medulla,58212.0,p005,seq_4812,ADDPAFL,GCCGACGACCCCGCCTTCCTG
Medulla,23014.0,p005,seq_37349,GMGDLGR,GGCATGGGCGACCTGGGCCGG
Medulla,19689.0,p005,seq_16057,VCTLLSR,GTGTGCACCCTGCTGAGCCGG
Medulla,19675.0,p005,seq_20964,TRTWALP,ACCCGGACCTGGGCCCTGCCC
Medulla,14462.0,p007,seq_10602,TLFGYSV,ACCCTGTTCGGCTACAGCGTG
Medulla,11926.0,p005,seq_25067,AVNEAAM,GCCGTGAACGAGGCCGCCATG
Medulla,11255.0,p005,seq_18519,LATRVAR,CTGGCCACCCGGGTGGCCCGG
Medulla,11124.0,p005,seq_8269,GEDPNLL,GGCGAGGACCCCAACCTGCTG
Medulla,10827.0,p005,seq_16171,SQFMGIF,AGCCAGTTCATGGGCATCTTC
Medulla,10297.0,p005,seq_29015,QRGADLA,CAGCGGGGCGCCGACCTGGCC
Medulla,9158.0,p005,seq_41707,ADPTAPV,GCCGACCCCACCGCCCCCGTG
Medulla,8873.0,p005,seq_10663,RFPNSTR,CGGTTCCCCAACAGCACCCGG
Medulla,8165.0,p005,seq_24046,CGRCCSI,TGCGGCCGGTGCTGCAGCATC
Medulla,7885.0,p007,seq_111725,LPIDPVP,CTGCCCATCGACCCCGTGCCC
Medulla,7696.0,p005,seq_19295,VTGPLPT,GTGACCGGCCCCCTGCCCACC
Medulla,7041.0,p005,seq_28143,VSSLLQL,GTGAGCAGCCTGCTGCAGCTG
Medulla,6457.0,p005,seq_10897,IGEIQEQ,ATCGGCGAGATCCAGGAGCAG
Medulla,5983.0,p007,seq_63898,TWGKVYW,ACCTGGGGCAAGGTGTACTGG
Medulla,5879.0,p005,seq_27730,YYYASQI,TACTACTACGCCAGCCAGATC
Medulla,5630.0,p005,seq_22670,KKFQLLV,AAGAAGTTCCAGCTGCTGGTG
Medulla,3189.0,p007,seq_115054,EDPINDG,GAGGACCCCATCAACGACGGC
Medulla,2717.0,p007,seq_48243,SGHVTCE,AGCGGCCACGTGACCTGCGAG
Medulla,1400.0,p005,seq_15148,DAGIPIS,GACGCCGGCATCCCCATCAGC
Medulla,1033.0,p005,seq_28500,AKTGETS,GCCAAGACCGGCGAGACCAGC
Optic_tract,34852.0,p005,seq_20858,LDLTSFV,CTGGACCTGACCAGCTTCGTG
Optic_tract,33554.0,p007,seq_99879,SERASEA,AGCGAGCGGGCCAGCGAGGCC
Optic_tract,28745.0,p005,seq_27475,NGIIKGP,AACGGCATCATCAAGGGCCCC
Optic_tract,28418.0,p005,seq_4812,ADDPAFL,GCCGACGACCCCGCCTTCCTG
Optic_tract,23766.0,p005,seq_8184,VVEANQP,GTGGTGGAGGCCAACCAGCCC
Optic_tract,21394.0,p007,seq_23622,EPAAGLL,GAGCCCGCCGCCGGCCTGCTG
Optic_tract,20906.0,p005,seq_3891,SSVITYP,AGCAGCGTGATCACCTACCCC
Optic_tract,20323.0,p005,seq_20394,EKPNLSS,GAGAAGCCCAACCTGAGCAGC
Optic_tract,20163.0,p005,seq_35692,ENQISTI,GAGAACCAGATCAGCACCATC
Optic_tract,19672.0,p005,seq_32458,PRNATPA,CCCCGGAACGCCACCCCCGCC
Optic_tract,19292.0,p005,seq_30597,TQADLLP,ACCCAGGCCGACCTGCTGCCC
Optic_tract,17959.0,p005,seq_4477,SGDKIIV,AGCGGCGACAAGATCATCGTG
Optic_tract,17721.0,p005,seq_9313,SGGTTNF,AGCGGCGGCACCACCAACTTC
Optic_tract,17432.0,p005,seq_15129,PARKRLN,CCCGCCCGGAAGCGGCTGAAC
Optic_tract,16506.0,p005,seq_6464,NPIPKQP,AACCCCATCCCCAAGCAGCCC
Optic_tract,15098.0,p005,seq_12308,RVRAHPC,CGGGTGCGGGCCCACCCCTGC
Optic_tract,14930.0,p005,seq_11271,DKPNRPV,GACAAGCCCAACCGGCCCGTG
Optic_tract,14162.0,p005,seq_18300,ATTYNEP,GCCACCACCTACAACGAGCCC
Optic_tract,13660.0,p005,seq_5204,RLDDPGP,CGGCTGGACGACCCCGGCCCC
Optic_tract,12836.0,p005,seq_24944,SQIPPNW,AGCCAGATCCCCCCCAACTGG
Optic_tract,11816.0,p005,seq_30558,TPGRLFV,ACCCCCGGCCGGCTGTTCGTG
Optic_tract,11753.0,p005,seq_23169,TEGTLEN,ACCGAGGGCACCCTGGAGAAC
Optic_tract,11634.0,p005,seq_33846,GRESIIN,GGCCGGGAGAGCATCATCAAC
Optic_tract,10794.0,p006,seq_10259,YVVNLEM,TATGTTGTTAATCTGGAGATG
Optic_tract,10610.0,p007,seq_65482,LPELLEE,CTGCCCGAGCTGCTGGAGGAG
Plasmid_Library,179797.0,p007,seq_34303,AIAAEGT,GCCATCGCCGCCGAGGGCACC
Plasmid_Library,121923.0,p007,seq_1940,APVVTTS,GCCCCCGTGGTGACCACCAGC
Plasmid_Library,121676.0,p007,seq_88957,IHADANA,ATCCACGCCGACGCCAACGCC
Plasmid_Library,103151.0,p007,seq_21039,AFAAIKA,GCCTTCGCCGCCATCAAGGCC
Plasmid_Library,97280.0,p007,seq_109262,PHSSTRH,CCCCACAGCAGCACCCGGCAC
Plasmid_Library,88369.0,p007,seq_86481,YLPTVEG,TACCTGCCCACCGTGGAGGGC
Plasmid_Library,88027.0,p007,seq_94897,SKLLSGD,AGCAAGCTGCTGAGCGGCGAC
Plasmid_Library,83942.0,p007,seq_31145,DGTGISA,GACGGCACCGGCATCAGCGCC
Plasmid_Library,83049.0,p007,seq_51554,VPTSCAE,GTGCCCACCAGCTGCGCCGAG
Plasmid_Library,80427.0,p007,seq_27676,RMAMPHA,CGGATGGCCATGCCCCACGCC
Plasmid_Library,75373.0,p007,seq_91445,FESDGRR,TTCGAGAGCGACGGCCGGCGG
Plasmid_Library,73511.0,p007,seq_106489,DQARSAE,GACCAGGCCCGGAGCGCCGAG
Plasmid_Library,71782.0,p007,seq_112072,QPVATPT,CAGCCCGTGGCCACCCCCACC
Plasmid_Library,67887.0,p007,seq_16672,GGVAVPL,GGCGGCGTGGCCGTGCCCCTG
Plasmid_Library,66500.0,p007,seq_102284,DVNYFRR,GACGTGAACTACTTCCGGCGG
Plasmid_Library,63707.0,p007,seq_110993,ASLLSGE,GCCAGCCTGCTGAGCGGCGAG
Plasmid_Library,62434.0,p007,seq_92306,SALGVVM,AGCGCCCTGGGCGTGGTGATG
Plasmid_Library,61997.0,p007,seq_52835,CHYVRVL,TGCCACTACGTGCGGGTGCTG
Plasmid_Library,61294.0,p007,seq_14030,TRATAGP,ACCCGGGCCACCGCCGGCCCC
Plasmid_Library,61104.0,p007,seq_5180,QTRGDAG,CAGACCCGGGGCGACGCCGGC
Plasmid_Library,60002.0,p007,seq_73528,GKGPTYI,GGCAAGGGCCCCACCTACATC
Plasmid_Library,59945.0,p007,seq_57108,AMRLCYI,GCCATGCGGCTGTGCTACATC
Plasmid_Library,59755.0,p007,seq_111849,VASLSES,GTGGCCAGCCTGAGCGAGAGC
Plasmid_Library,59451.0,p007,seq_50229,ATLTPLT,GCCACCCTGACCCCCCTGACC
Plasmid_Library,59306.0,p007,seq_56080,GGVSCAV,GGCGGCGTGAGCTGCGCCGTG
Posterior_commisure,537.0,p005,seq_28500,AKTGETS,GCCAAGACCGGCGAGACCAGC
Posterior_commisure,495.0,p005,seq_33511,FTWTGAS,TTCACCTGGACCGGCGCCAGC
Posterior_commisure,330.0,p005,seq_5059,KHRRGTP,AAGCACCGGCGGGGCACCCCC
Posterior_commisure,246.0,p005,seq_4812,ADDPAFL,GCCGACGACCCCGCCTTCCTG
Posterior_commisure,185.0,p005,seq_14214,SSGIGKT,AGCAGCGGCATCGGCAAGACC
Posterior_commisure,144.0,p005,seq_37349,GMGDLGR,GGCATGGGCGACCTGGGCCGG
Posterior_commisure,118.0,p005,seq_20964,TRTWALP,ACCCGGACCTGGGCCCTGCCC
Posterior_commisure,115.0,p005,seq_16057,VCTLLSR,GTGTGCACCCTGCTGAGCCGG
Posterior_commisure,112.0,p006,seq_119817,VQVVLMP,GTGCAGGTGGTTTTGATGCCG
Posterior_commisure,89.0,p007,seq_10602,TLFGYSV,ACCCTGTTCGGCTACAGCGTG
Posterior_commisure,81.0,p005,seq_18519,LATRVAR,CTGGCCACCCGGGTGGCCCGG
Posterior_commisure,74.0,p005,seq_8269,GEDPNLL,GGCGAGGACCCCAACCTGCTG
Posterior_commisure,72.0,p005,seq_25067,AVNEAAM,GCCGTGAACGAGGCCGCCATG
Posterior_commisure,70.0,p005,seq_29015,QRGADLA,CAGCGGGGCGCCGACCTGGCC
Posterior_commisure,68.0,p005,seq_16171,SQFMGIF,AGCCAGTTCATGGGCATCTTC
Posterior_commisure,60.0,p005,seq_41707,ADPTAPV,GCCGACCCCACCGCCCCCGTG
Posterior_commisure,56.0,p005,seq_10663,RFPNSTR,CGGTTCCCCAACAGCACCCGG
Posterior_commisure,51.0,p005,seq_19295,VTGPLPT,GTGACCGGCCCCCTGCCCACC
Posterior_commisure,45.0,p005,seq_24046,CGRCCSI,TGCGGCCGGTGCTGCAGCATC
Posterior_commisure,42.0,p005,seq_22670,KKFQLLV,AAGAAGTTCCAGCTGCTGGTG
Posterior_commisure,39.0,p005,seq_28143,VSSLLQL,GTGAGCAGCCTGCTGCAGCTG
Posterior_commisure,38.0,p005,seq_10897,IGEIQEQ,ATCGGCGAGATCCAGGAGCAG
Posterior_commisure,38.0,p005,seq_20858,LDLTSFV,CTGGACCTGACCAGCTTCGTG
Posterior_commisure,38.0,p007,seq_23622,EPAAGLL,GAGCCCGCCGCCGGCCTGCTG
Posterior_commisure,36.0,p005,seq_27730,YYYASQI,TACTACTACGCCAGCCAGATC
Sox10+_IC,153014.0,p005,seq_4812,ADDPAFL,GCCGACGACCCCGCCTTCCTG
Sox10+_IC,137979.0,p005,seq_7326,PKQVPET,CCCAAGCAGGTGCCCGAGACC
Sox10+_IC,88816.0,p005,seq_41654,VLPGGEN,GTGCTGCCCGGCGGCGAGAAC
Sox10+_IC,88171.0,p005,seq_40750,LRDEVVP,CTGCGGGACGAGGTGGTGCCC
Sox10+_IC,68609.0,p007,seq_67992,ALAAGTT,GCCCTGGCCGCCGGCACCACC
Sox10+_IC,62107.0,p005,seq_9147,QSDRGWG,CAGAGCGACCGGGGCTGGGGC
Sox10+_IC,57270.0,p005,seq_1793,GLRVVCA,GGCCTGCGGGTGGTGTGCGCC
Sox10+_IC,55322.0,p007,seq_28828,NLTKLDI,AACCTGACCAAGCTGGACATC
Sox10+_IC,53856.0,p007,seq_52869,SAGVTGP,AGCGCCGGCGTGACCGGCCCC
Sox10+_IC,52077.0,p007,seq_92424,DNMQLQV,GACAACATGCAGCTGCAGGTG
Sox10+_IC,51907.0,p005,seq_1920,NDTILIE,AACGACACCATCCTGATCGAG
Sox10+_IC,50503.0,p005,seq_8957,QNAQFHY,CAGAACGCCCAGTTCCACTAC
Sox10+_IC,49507.0,p005,seq_39271,PDFVGLK,CCCGACTTCGTGGGCCTGAAG
Sox10+_IC,47702.0,p005,seq_31294,CRLTGYP,TGCCGGCTGACCGGCTACCCC
Sox10+_IC,43714.0,p005,seq_20187,AKVATRT,GCCAAGGTGGCCACCCGGACC
Sox10+_IC,43327.0,p005,seq_12385,QPPPAVA,CAGCCCCCCCCCGCCGTGGCC
Sox10+_IC,40998.0,p005,seq_40702,VSGLRAQ,GTGAGCGGCCTGCGGGCCCAG
Sox10+_IC,40727.0,p005,seq_6732,CLTVLTE,TGCCTGACCGTGCTGACCGAG
Sox10+_IC,40263.0,p005,seq_38904,AGVVYVM,GCCGGCGTGGTGTACGTGATG
Sox10+_IC,37582.0,p007,seq_107606,GRVAQHA,GGCCGGGTGGCCCAGCACGCC
Sox10+_IC,37331.0,p007,seq_95217,QETTGTP,CAGGAGACCACCGGCACCCCC
Sox10+_IC,33653.0,p006,seq_170341,QDTQKPV,CAGGATACTCAGAAGCCGGTG
Sox10+_IC,28596.0,p005,seq_35523,HLAAATQ,CACCTGGCCGCCGCCACCCAG
Sox10+_IC,27140.0,p005,seq_23850,QTLDRVG,CAGACCCTGGACCGGGTGGGC
Sox10+_IC,25626.0,p005,seq_14826,GSPQGSS,GGCAGCCCCCAGGGCAGCAGC
Sox10+_midbrain,941476.0,p005,seq_29039,YPLVGAM,TACCCCCTGGTGGGCGCCATG
Sox10+_midbrain,307922.0,p005,seq_37051,RGEEIRV,CGGGGCGAGGAGATCCGGGTG
Sox10+_midbrain,193303.0,p005,seq_6195,SVSDLST,AGCGTGAGCGACCTGAGCACC
Sox10+_midbrain,146787.0,p005,seq_4812,ADDPAFL,GCCGACGACCCCGCCTTCCTG
Sox10+_midbrain,80321.0,p007,seq_82151,NSRDEVA,AACAGCCGGGACGAGGTGGCC
Sox10+_midbrain,8126.0,p005,seq_25657,GRCGADN,GGCCGGTGCGGCGCCGACAAC
Sox10+_midbrain,7119.0,p005,seq_389,DCWVDNE,GACTGCTGGGTGGACAACGAG
Sox10+_midbrain,6427.0,p005,seq_9702,GNGCGLF,GGCAACGGCTGCGGCCTGTTC
Sox10+_midbrain,6407.0,p006,seq_2724,MIQCIYV,ATGATTCAGTGTATTTATGTG
Sox10+_midbrain,6407.0,p006,seq_36331,YDGDTIT,TATGATGGTGATACTATTACG
Sox10+_midbrain,6251.0,p007,seq_104000,DRVESGA,GACCGGGTGGAGAGCGGCGCC
Sox10+_midbrain,6205.0,p005,seq_17825,RDRPDVR,CGGGACCGGCCCGACGTGCGG
Sox10+_midbrain,6057.0,p005,seq_30531,PVDEGWT,CCCGTGGACGAGGGCTGGACC
Sox10+_midbrain,5705.0,p005,seq_29259,HLSSKAQ,CACCTGAGCAGCAAGGCCCAG
Sox10+_midbrain,5255.0,p005,seq_9134,KLCPNNL,AAGCTGTGCCCCAACAACCTG
Sox10+_midbrain,5183.0,p005,seq_4481,ILEKTHN,ATCCTGGAGAAGACCCACAAC
Sox10+_midbrain,4804.0,p005,seq_23169,TEGTLEN,ACCGAGGGCACCCTGGAGAAC
Sox10+_midbrain,4708.0,p005,seq_37284,GLGAFFE,GGCCTGGGCGCCTTCTTCGAG
Sox10+_midbrain,4576.0,p005,seq_16475,SDPPAQV,AGCGACCCCCCCGCCCAGGTG
Sox10+_midbrain,4574.0,p005,seq_15549,RWSPHLT,CGGTGGAGCCCCCACCTGACC
Sox10+_midbrain,4263.0,p005,seq_29285,GSYLNET,GGCAGCTACCTGAACGAGACC
Sox10+_midbrain,4035.0,p005,seq_23106,VEAMDRM,GTGGAGGCCATGGACCGGATG
Sox10+_midbrain,3952.0,p007,seq_51361,DSSSLVP,GACAGCAGCAGCCTGGTGCCC
Sox10+_midbrain,3894.0,p005,seq_35424,LDFKDRV,CTGGACTTCAAGGACCGGGTG
Sox10+_midbrain,3573.0,p005,seq_26082,SALDALR,AGCGCCCTGGACGCCCTGCGG
Sox10+_sort_pooled,524742.0,p007,seq_104000,DRVESGA,GACCGGGTGGAGAGCGGCGCC
Sox10+_sort_pooled,434079.0,p005,seq_16475,SDPPAQV,AGCGACCCCCCCGCCCAGGTG
Sox10+_sort_pooled,362264.0,p007,seq_81781,LDLSYSH,CTGGACCTGAGCTACAGCCAC
Sox10+_sort_pooled,303229.0,p006,seq_24019,LLGITYS,TTGCTTGGTATTACTTATTCG
Sox10+_sort_pooled,239627.0,p005,seq_12718,TEGFTWT,ACCGAGGGCTTCACCTGGACC
Sox10+_sort_pooled,231983.0,p005,seq_36436,DVTTVST,GACGTGACCACCGTGAGCACC
Sox10+_sort_pooled,230522.0,p005,seq_32709,SRCGLDS,AGCCGGTGCGGCCTGGACAGC
Sox10+_sort_pooled,214188.0,p005,seq_31258,WFSSWKS,TGGTTCAGCAGCTGGAAGAGC
Sox10+_sort_pooled,209676.0,p005,seq_18541,VIANGEI,GTGATCGCCAACGGCGAGATC
Sox10+_sort_pooled,181322.0,p005,seq_33498,PDRTLMS,CCCGACCGGACCCTGATGAGC
Sox10+_sort_pooled,179113.0,p007,seq_51361,DSSSLVP,GACAGCAGCAGCCTGGTGCCC
Sox10+_sort_pooled,177212.0,p005,seq_5652,GFTCTGV,GGCTTCACCTGCACCGGCGTG
Sox10+_sort_pooled,177206.0,p005,seq_4812,ADDPAFL,GCCGACGACCCCGCCTTCCTG
Sox10+_sort_pooled,160137.0,p005,seq_226,GRSLQGL,GGCCGGAGCCTGCAGGGCCTG
Sox10+_sort_pooled,155292.0,p007,seq_43637,SWTQHAN,AGCTGGACCCAGCACGCCAAC
Sox10+_sort_pooled,149992.0,p005,seq_10369,ESLQNPY,GAGAGCCTGCAGAACCCCTAC
Sox10+_sort_pooled,141553.0,p005,seq_26385,AASVNLE,GCCGCCAGCGTGAACCTGGAG
Sox10+_sort_pooled,118021.0,p005,seq_19403,IPPAACL,ATCCCCCCCGCCGCCTGCCTG
Sox10+_sort_pooled,93225.0,p007,seq_17762,NVTETFN,AACGTGACCGAGACCTTCAAC
Sox10+_sort_pooled,88619.0,p005,seq_13165,PKDRATA,CCCAAGGACCGGGCCACCGCC
Sox10+_sort_pooled,61484.0,p007,seq_50973,GETDFTN,GGCGAGACCGACTTCACCAAC
Sox10+_sort_pooled,25218.0,p005,seq_24138,ALCHGED,GCCCTGTGCCACGGCGAGGAC
Sox10+_sort_pooled,22895.0,p007,seq_105556,VRNDPAA,GTGCGGAACGACCCCGCCGCC
Sox10+_sort_pooled,22071.0,p005,seq_5322,DPPGVRR,GACCCCCCCGGCGTGCGGCGG
Sox10+_sort_pooled,21256.0,p005,seq_39558,HPSFVVV,CACCCCAGCTTCGTGGTGGTG
Sox10+_striatum,96805.0,p007,seq_91901,GDTPDRL,GGCGACACCCCCGACCGGCTG
Sox10+_striatum,62896.0,p005,seq_38904,AGVVYVM,GCCGGCGTGGTGTACGTGATG
Sox10+_striatum,47177.0,p007,seq_26284,LVVVGWF,CTGGTGGTGGTGGGCTGGTTC
Sox10+_striatum,46774.0,p007,seq_7832,PRGNASN,CCCCGGGGCAACGCCAGCAAC
Sox10+_striatum,44973.0,p007,seq_44705,LLLGVFL,CTGCTGCTGGGCGTGTTCCTG
Sox10+_striatum,34960.0,p007,seq_103303,EGTAGDH,GAGGGCACCGCCGGCGACCAC
Sox10+_striatum,34583.0,p005,seq_6732,CLTVLTE,TGCCTGACCGTGCTGACCGAG
Sox10+_striatum,33120.0,p005,seq_32581,AATISRC,GCCGCCACCATCAGCCGGTGC
Sox10+_striatum,29972.0,p005,seq_4479,SCADAAT,AGCTGCGCCGACGCCGCCACC
Sox10+_striatum,28657.0,p007,seq_6176,VDEYDPT,GTGGACGAGTACGACCCCACC
Sox10+_striatum,27968.0,p007,seq_90242,PPLGPEA,CCCCCCCTGGGCCCCGAGGCC
Sox10+_striatum,26149.0,p005,seq_6997,AACPTMG,GCCGCCTGCCCCACCATGGGC
Sox10+_striatum,22673.0,p005,seq_8970,RLAHTML,CGGCTGGCCCACACCATGCTG
Sox10+_striatum,21700.0,p005,seq_26134,TEDIYAI,ACCGAGGACATCTACGCCATC
Sox10+_striatum,20788.0,p005,seq_41581,ASATTQG,GCCAGCGCCACCACCCAGGGC
Sox10+_striatum,20290.0,p007,seq_69747,QGGRKQA,CAGGGCGGCCGGAAGCAGGCC
Sox10+_striatum,19893.0,p007,seq_110624,LLHADLN,CTGCTGCACGCCGACCTGAAC
Sox10+_striatum,19748.0,p005,seq_20187,AKVATRT,GCCAAGGTGGCCACCCGGACC
Sox10+_striatum,19630.0,p005,seq_35958,VLALVVG,GTGCTGGCCCTGGTGGTGGGC
Sox10+_striatum,19292.0,p005,seq_22131,EIAGLGE,GAGATCGCCGGCCTGGGCGAG
Sox10+_striatum,18620.0,p007,seq_95268,YIDIPET,TACATCGACATCCCCGAGACC
Sox10+_striatum,18487.0,p007,seq_51361,DSSSLVP,GACAGCAGCAGCCTGGTGCCC
Sox10+_striatum,16747.0,p005,seq_28500,AKTGETS,GCCAAGACCGGCGAGACCAGC
Sox10+_striatum,16281.0,p005,seq_3596,IYAVRPT,ATCTACGCCGTGCGGCCCACC
Sox10+_striatum,15871.0,p007,seq_53446,HLTLPQA,CACCTGACCCTGCCCCAGGCC
Sox10-_IC,64337.0,p005,seq_33885,RIMGPAV,CGGATCATGGGCCCCGCCGTG
Sox10-_IC,48469.0,p007,seq_74576,DAAVGGL,GACGCCGCCGTGGGCGGCCTG
Sox10-_IC,31882.0,p007,seq_88386,LTGPELG,CTGACCGGCCCCGAGCTGGGC
Sox10-_IC,25243.0,p005,seq_32450,NARDRSI,AACGCCCGGGACCGGAGCATC
Sox10-_IC,16414.0,p005,seq_11100,ERALDAA,GAGCGGGCCCTGGACGCCGCC
Sox10-_IC,14871.0,p005,seq_4304,RCGSQAG,CGGTGCGGCAGCCAGGCCGGC
Sox10-_IC,14123.0,p005,seq_24648,WYFDVTE,TGGTACTTCGACGTGACCGAG
Sox10-_IC,13328.0,p005,seq_31062,SRRYPDA,AGCCGGCGGTACCCCGACGCC
Sox10-_IC,13173.0,p007,seq_28190,VYVRPII,GTGTACGTGCGGCCCATCATC
Sox10-_IC,12599.0,p005,seq_26072,FENNAIL,TTCGAGAACAACGCCATCCTG
Sox10-_IC,11851.0,p005,seq_5836,ALTDLGL,GCCCTGACCGACCTGGGCCTG
Sox10-_IC,11560.0,p005,seq_25360,HVPEASD,CACGTGCCCGAGGCCAGCGAC
Sox10-_IC,11484.0,p005,seq_26082,SALDALR,AGCGCCCTGGACGCCCTGCGG
Sox10-_IC,11265.0,p005,seq_13530,ARIRAAT,GCCCGGATCCGGGCCGCCACC
Sox10-_IC,11133.0,p005,seq_33113,QRVSTTT,CAGCGGGTGAGCACCACCACC
Sox10-_IC,10968.0,p005,seq_35431,VAFRDAR,GTGGCCTTCCGGGACGCCCGG
Sox10-_IC,10522.0,p005,seq_18046,PRTPCDI,CCCCGGACCCCCTGCGACATC
Sox10-_IC,10438.0,p005,seq_13014,AQDRIIE,GCCCAGGACCGGATCATCGAG
Sox10-_IC,10405.0,p005,seq_22067,GLRNITL,GGCCTGCGGAACATCACCCTG
Sox10-_IC,9937.0,p007,seq_55934,EEPRADS,GAGGAGCCCCGGGCCGACAGC
Sox10-_IC,9798.0,p005,seq_20917,LNFNFSA,CTGAACTTCAACTTCAGCGCC
Sox10-_IC,9624.0,p005,seq_36740,EECMAVY,GAGGAGTGCATGGCCGTGTAC
Sox10-_IC,8773.0,p005,seq_28500,AKTGETS,GCCAAGACCGGCGAGACCAGC
Sox10-_IC,8474.0,p007,seq_90650,DAIVLLR,GACGCCATCGTGCTGCTGCGG
Sox10-_IC,8309.0,p005,seq_36642,TMLEDHE,ACCATGCTGGAGGACCACGAG
Sox10-_sort_pooled,87872.0,p005,seq_25657,GRCGADN,GGCCGGTGCGGCGCCGACAAC
Sox10-_sort_pooled,76535.0,p005,seq_389,DCWVDNE,GACTGCTGGGTGGACAACGAG
Sox10-_sort_pooled,69359.0,p005,seq_9702,GNGCGLF,GGCAACGGCTGCGGCCTGTTC
Sox10-_sort_pooled,67359.0,p005,seq_30531,PVDEGWT,CCCGTGGACGAGGGCTGGACC
Sox10-_sort_pooled,66119.0,p005,seq_17825,RDRPDVR,CGGGACCGGCCCGACGTGCGG
Sox10-_sort_pooled,59912.0,p005,seq_29259,HLSSKAQ,CACCTGAGCAGCAAGGCCCAG
Sox10-_sort_pooled,58658.0,p006,seq_2724,MIQCIYV,ATGATTCAGTGTATTTATGTG
Sox10-_sort_pooled,58658.0,p006,seq_36331,YDGDTIT,TATGATGGTGATACTATTACG
Sox10-_sort_pooled,55882.0,p005,seq_9134,KLCPNNL,AAGCTGTGCCCCAACAACCTG
Sox10-_sort_pooled,54568.0,p005,seq_4481,ILEKTHN,ATCCTGGAGAAGACCCACAAC
Sox10-_sort_pooled,50528.0,p005,seq_37284,GLGAFFE,GGCCTGGGCGCCTTCTTCGAG
Sox10-_sort_pooled,49713.0,p005,seq_23169,TEGTLEN,ACCGAGGGCACCCTGGAGAAC
Sox10-_sort_pooled,46074.0,p005,seq_15549,RWSPHLT,CGGTGGAGCCCCCACCTGACC
Sox10-_sort_pooled,45475.0,p005,seq_29285,GSYLNET,GGCAGCTACCTGAACGAGACC
Sox10-_sort_pooled,43324.0,p005,seq_35424,LDFKDRV,CTGGACTTCAAGGACCGGGTG
Sox10-_sort_pooled,41918.0,p005,seq_23106,VEAMDRM,GTGGAGGCCATGGACCGGATG
Sox10-_sort_pooled,36548.0,p005,seq_5538,EKTKEQV,GAGAAGACCAAGGAGCAGGTG
Sox10-_sort_pooled,35022.0,p005,seq_26082,SALDALR,AGCGCCCTGGACGCCCTGCGG
Sox10-_sort_pooled,32350.0,p005,seq_38534,DLKIDIK,GACCTGAAGATCGACATCAAG
Sox10-_sort_pooled,32290.0,p005,seq_19998,KPAKVAT,AAGCCCGCCAAGGTGGCCACC
Sox10-_sort_pooled,32222.0,p005,seq_5550,GGLCLMI,GGCGGCCTGTGCCTGATGATC
Sox10-_sort_pooled,32188.0,p005,seq_41577,RATQASA,CGGGCCACCCAGGCCAGCGCC
Sox10-_sort_pooled,32152.0,p005,seq_9872,AGYTVHV,GCCGGCTACACCGTGCACGTG
Sox10-_sort_pooled,31974.0,p005,seq_20030,RLPSGVW,CGGCTGCCCAGCGGCGTGTGG
Sox10-_sort_pooled,30837.0,p005,seq_38000,DRRFHVA,GACCGGCGGTTCCACGTGGCC
Sox10-_striatum,56145.0,p007,seq_7884,DFFSRVR,GACTTCTTCAGCCGGGTGCGG
Sox10-_striatum,39862.0,p007,seq_59264,ALALVAA,GCCCTGGCCCTGGTGGCCGCC
Sox10-_striatum,36157.0,p007,seq_81052,SDVAAAT,AGCGACGTGGCCGCCGCCACC
Sox10-_striatum,35074.0,p007,seq_90503,GPTEGAP,GGCCCCACCGAGGGCGCCCCC
Sox10-_striatum,34086.0,p007,seq_72818,ISPEHVA,ATCAGCCCCGAGCACGTGGCC
Sox10-_striatum,28652.0,p007,seq_27525,ATATDAE,GCCACCGCCACCGACGCCGAG
Sox10-_striatum,18668.0,p007,seq_36787,DYGSCDP,GACTACGGCAGCTGCGACCCC
Sox10-_striatum,11628.0,p007,seq_26098,EAPDQAF,GAGGCCCCCGACCAGGCCTTC
Sox10-_striatum,10849.0,p007,seq_110109,RLESGQT,CGGCTGGAGAGCGGCCAGACC
Sox10-_striatum,10602.0,p007,seq_4189,GLTLGVL,GGCCTGACCCTGGGCGTGCTG
Sox10-_striatum,10298.0,p007,seq_90952,HMRTLSA,CACATGCGGACCCTGAGCGCC
Sox10-_striatum,9595.0,p007,seq_75521,GERDQVP,GGCGAGCGGGACCAGGTGCCC
Sox10-_striatum,9568.0,p007,seq_25027,RNASLPE,CGGAACGCCAGCCTGCCCGAG
Sox10-_striatum,9462.0,p007,seq_54880,AGQTLDR,GCCGGCCAGACCCTGGACCGG
Sox10-_striatum,9321.0,p007,seq_64298,DPGSGTD,GACCCCGGCAGCGGCACCGAC
Sox10-_striatum,9139.0,p007,seq_111249,DDSGGPA,GACGACAGCGGCGGCCCCGCC
Sox10-_striatum,8541.0,p007,seq_7105,KEVGDIL,AAGGAGGTGGGCGACATCCTG
Sox10-_striatum,8397.0,p007,seq_46671,AQREGTY,GCCCAGCGGGAGGGCACCTAC
Sox10-_striatum,7904.0,p007,seq_92224,FHVASAA,TTCCACGTGGCCAGCGCCGCC
Sox10-_striatum,7828.0,p007,seq_112376,HIDATPP,CACATCGACGCCACCCCCCCC
Sox10-_striatum,7733.0,p007,seq_6033,SLVSNSF,AGCCTGGTGAGCAACAGCTTC
Sox10-_striatum,7296.0,p007,seq_76104,AVAPSAA,GCCGTGGCCCCCAGCGCCGCC
Sox10-_striatum,7220.0,p007,seq_76967,ALYAEFL,GCCCTGTACGCCGAGTTCCTG
Sox10-_striatum,7087.0,p007,seq_56464,EDDRQVF,GAGGACGACCGGCAGGTGTTC
Sox10-_striatum,7068.0,p007,seq_111897,PADPTAP,CCCGCCGACCCCACCGCCCCC
Stria_medularis,104825.0,p005,seq_33511,FTWTGAS,TTCACCTGGACCGGCGCCAGC
Stria_medularis,40024.0,p005,seq_5059,KHRRGTP,AAGCACCGGCGGGGCACCCCC
Stria_medularis,38222.0,p005,seq_14214,SSGIGKT,AGCAGCGGCATCGGCAAGACC
Stria_medularis,33708.0,p005,seq_28500,AKTGETS,GCCAAGACCGGCGAGACCAGC
Stria_medularis,1503.0,p005,seq_4812,ADDPAFL,GCCGACGACCCCGCCTTCCTG
Stria_medularis,591.0,p005,seq_8537,GRAVSLP,GGCCGGGCCGTGAGCCTGCCC
Stria_medularis,526.0,p006,seq_119817,VQVVLMP,GTGCAGGTGGTTTTGATGCCG
Stria_medularis,338.0,p005,seq_37719,GQLLHNT,GGCCAGCTGCTGCACAACACC
Stria_medularis,226.0,p005,seq_3929,LAQLISA,CTGGCCCAGCTGATCAGCGCC
Stria_medularis,183.0,p005,seq_20858,LDLTSFV,CTGGACCTGACCAGCTTCGTG
Stria_medularis,127.0,p005,seq_20394,EKPNLSS,GAGAAGCCCAACCTGAGCAGC
Stria_medularis,126.0,p005,seq_27475,NGIIKGP,AACGGCATCATCAAGGGCCCC
Stria_medularis,125.0,p005,seq_8184,VVEANQP,GTGGTGGAGGCCAACCAGCCC
Stria_medularis,114.0,p007,seq_23622,EPAAGLL,GAGCCCGCCGCCGGCCTGCTG
Stria_medularis,111.0,p005,seq_16057,VCTLLSR,GTGTGCACCCTGCTGAGCCGG
Stria_medularis,110.0,p005,seq_37349,GMGDLGR,GGCATGGGCGACCTGGGCCGG
Stria_medularis,101.0,p005,seq_3891,SSVITYP,AGCAGCGTGATCACCTACCCC
Stria_medularis,100.0,p005,seq_35692,ENQISTI,GAGAACCAGATCAGCACCATC
Stria_medularis,97.0,p005,seq_4477,SGDKIIV,AGCGGCGACAAGATCATCGTG
Stria_medularis,95.0,p005,seq_20964,TRTWALP,ACCCGGACCTGGGCCCTGCCC
Stria_medularis,95.0,p005,seq_32458,PRNATPA,CCCCGGAACGCCACCCCCGCC
Stria_medularis,92.0,p005,seq_6464,NPIPKQP,AACCCCATCCCCAAGCAGCCC
Stria_medularis,90.0,p005,seq_15129,PARKRLN,CCCGCCCGGAAGCGGCTGAAC
Stria_medularis,88.0,p005,seq_23056,FDPAQIH,TTCGACCCCGCCCAGATCCAC
Stria_medularis,87.0,p005,seq_30597,TQADLLP,ACCCAGGCCGACCTGCTGCCC
Striatal_ventricle,2836.0,p005,seq_4812,ADDPAFL,GCCGACGACCCCGCCTTCCTG
Striatal_ventricle,1252.0,p005,seq_28500,AKTGETS,GCCAAGACCGGCGAGACCAGC
Striatal_ventricle,1148.0,p005,seq_29039,YPLVGAM,TACCCCCTGGTGGGCGCCATG
Striatal_ventricle,1125.0,p005,seq_8537,GRAVSLP,GGCCGGGCCGTGAGCCTGCCC
Striatal_ventricle,1070.0,p006,seq_119817,VQVVLMP,GTGCAGGTGGTTTTGATGCCG
Striatal_ventricle,1037.0,p005,seq_33511,FTWTGAS,TTCACCTGGACCGGCGCCAGC
Striatal_ventricle,541.0,p005,seq_37719,GQLLHNT,GGCCAGCTGCTGCACAACACC
Striatal_ventricle,432.0,p005,seq_3929,LAQLISA,CTGGCCCAGCTGATCAGCGCC
Striatal_ventricle,379.0,p005,seq_37051,RGEEIRV,CGGGGCGAGGAGATCCGGGTG
Striatal_ventricle,343.0,p005,seq_20858,LDLTSFV,CTGGACCTGACCAGCTTCGTG
Striatal_ventricle,327.0,p005,seq_14214,SSGIGKT,AGCAGCGGCATCGGCAAGACC
Striatal_ventricle,311.0,p005,seq_27475,NGIIKGP,AACGGCATCATCAAGGGCCCC
Striatal_ventricle,251.0,p005,seq_8184,VVEANQP,GTGGTGGAGGCCAACCAGCCC
Striatal_ventricle,231.0,p005,seq_6195,SVSDLST,AGCGTGAGCGACCTGAGCACC
Striatal_ventricle,221.0,p005,seq_20394,EKPNLSS,GAGAAGCCCAACCTGAGCAGC
Striatal_ventricle,220.0,p005,seq_35692,ENQISTI,GAGAACCAGATCAGCACCATC
Striatal_ventricle,214.0,p005,seq_30597,TQADLLP,ACCCAGGCCGACCTGCTGCCC
Striatal_ventricle,210.0,p005,seq_32458,PRNATPA,CCCCGGAACGCCACCCCCGCC
Striatal_ventricle,210.0,p005,seq_3891,SSVITYP,AGCAGCGTGATCACCTACCCC
Striatal_ventricle,199.0,p005,seq_9313,SGGTTNF,AGCGGCGGCACCACCAACTTC
Striatal_ventricle,195.0,p005,seq_4477,SGDKIIV,AGCGGCGACAAGATCATCGTG
Striatal_ventricle,171.0,p005,seq_15129,PARKRLN,CCCGCCCGGAAGCGGCTGAAC
Striatal_ventricle,169.0,p005,seq_11271,DKPNRPV,GACAAGCCCAACCGGCCCGTG
Striatal_ventricle,163.0,p005,seq_6464,NPIPKQP,AACCCCATCCCCAAGCAGCCC
Striatal_ventricle,163.0,p005,seq_12308,RVRAHPC,CGGGTGCGGGCCCACCCCTGC
