Group,BC_adjusted_count_ratio,library,LUTnr,Peptide,Sequence
Cerebellum,0.940286887402566,p005,seq_15148,DAGIPIS,GACGCCGGCATCCCCATCAGC
Cerebellum,0.3708376929898967,p006,seq_140107,VQVVLMP,GTGCAGGTGGTTTTGATGCCG
Cerebellum,0.3708376929898967,p006,seq_92723,VQVVLMP,GTGCAGGTGGTTTTGATGCCG
Cerebellum,0.2054901906559544,p007,seq_105556,VRNDPAA,GTGCGGAACGACCCCGCCGCC
Cerebellum,0.0815670528719502,p007,seq_90504,GPVAGTP,GGCCCCGTGGCCGGCACCCCC
Cerebellum,0.066987861068018,p007,seq_112434,DEDSDTT,GACGAGGACAGCGACACCACC
Cerebellum,0.066987861068018,p007,seq_73783,DDGPMVP,GACGACGGCCCCATGGTGCCC
Cerebellum,0.0643370935032444,p007,seq_82084,VAPDNVI,GTGGCCCCCGACAACGTGATC
Cerebellum,0.0524086655387955,p007,seq_97809,YHGYSCD,TACCACGGCTACAGCTGCGAC
Cerebellum,0.041805617631443,p007,seq_90907,SNPFGAL,AGCAACCCCTTCGGCGCCCTG
Cerebellum,0.0329835627963056,p006,seq_348516,LVMQGFP,TTGGTGATGCAGGGGTTTCCG
Cerebellum,0.0329835627963056,p006,seq_483227,LVMQGFP,TTGGTGATGCAGGGGTTTCCG
Cerebellum,0.0292144996384459,p007,seq_105523,EISAVRN,GAGATCAGCGCCGTGCGGAAC
Cerebellum,0.0292144996384459,p007,seq_106735,HAQRTFE,CACGCCCAGCGGACCTTCGAG
Cerebellum,0.0292144996384459,p007,seq_109509,AFQNAAD,GCCTTCCAGAACGCCGCCGAC
Cerebellum,0.0292144996384459,p007,seq_111725,LPIDPVP,CTGCCCATCGACCCCGTGCCC
Cerebellum,0.0239129738221245,p007,seq_42166,GTGTEDS,GGCACCGGCACCGAGGACAGC
Cerebellum,0.0239129738221245,p007,seq_28717,RNVQCRP,CGGAACGTGCAGTGCCGGCCC
Cerebellum,0.0212622118452864,p007,seq_27525,ATATDAE,GCCACCGCCACCGACGCCGAG
Cerebellum,0.0172860688800292,p007,seq_33172,VTRLRRE,GTGACCCGGCTGCGGCGGGAG
Cerebellum,0.016623378851481,p007,seq_110833,PDVRFVG,CCCGACGTGCGGTTCGTGGGC
Cerebellum,0.016623378851481,p007,seq_99209,TDGVFRA,ACCGACGGCGTGTTCCGGGCC
Cerebellum,0.0146353069031911,p007,seq_103946,GCLPCFC,GGCTGCCTGCCCTGCTTCTGC
Cerebellum,0.0133099249834495,p007,seq_31893,HHVGVDD,CACCACGTGGGCGTGGACGAC
Cerebellum,0.0133099249834495,p007,seq_63898,TWGKVYW,ACCTGGGGCAAGGTGTACTGG
Corpus_callosum,0.4587879708180061,p006,seq_140107,VQVVLMP,GTGCAGGTGGTTTTGATGCCG
Corpus_callosum,0.4587879708180061,p006,seq_92723,VQVVLMP,GTGCAGGTGGTTTTGATGCCG
Corpus_callosum,0.3648681459033788,p005,seq_37719,GQLLHNT,GGCCAGCTGCTGCACAACACC
Corpus_callosum,0.2881259736621679,p005,seq_4812,ADDPAFL,GCCGACGACCCCGCCTTCCTG
Corpus_callosum,0.2519875881278814,p005,seq_28500,AKTGETS,GCCAAGACCGGCGAGACCAGC
Corpus_callosum,0.1878553039497799,p007,seq_23622,EPAAGLL,GAGCCCGCCGCCGGCCTGCTG
Corpus_callosum,0.1382429010338253,p007,seq_10602,TLFGYSV,ACCCTGTTCGGCTACAGCGTG
Corpus_callosum,0.1049095622367329,p007,seq_65482,LPELLEE,CTGCCCGAGCTGCTGGAGGAG
Corpus_callosum,0.084754519826836,p007,seq_73783,DDGPMVP,GACGACGGCCCCATGGTGCCC
Corpus_callosum,0.0684754519826836,p007,seq_63898,TWGKVYW,ACCTGGGGCAAGGTGTACTGG
Corpus_callosum,0.0614987096852726,p007,seq_71647,RISKPGA,CGGATCAGCAAGCCCGGCGCC
Corpus_callosum,0.0552971593207783,p007,seq_111725,LPIDPVP,CTGCCCATCGACCCCGTGCCC
Corpus_callosum,0.0552971593207783,p007,seq_82151,NSRDEVA,AACAGCCGGGACGAGGTGGCC
Corpus_callosum,0.0413436691380209,p007,seq_90504,GPVAGTP,GGCCCCGTGGCCGGCACCCCC
Corpus_callosum,0.0405684753424591,p007,seq_105556,VRNDPAA,GTGCGGAACGACCCCGCCGCC
Corpus_callosum,0.0397932815468973,p007,seq_115054,EDPINDG,GAGGACCCCATCAACGACGGC
Corpus_callosum,0.0366925063646502,p007,seq_72265,SWNRRYG,AGCTGGAACCGGCGGTACGGC
Corpus_callosum,0.0351421187735266,p007,seq_77277,DHDRYRD,GACCACGACCGGTACCGGGAC
Corpus_callosum,0.0320413435912794,p007,seq_46774,QCAAGCT,CAGTGCGCCGCCGGCTGCACC
Corpus_callosum,0.0312661497957176,p007,seq_94747,LRKRNKA,CTGCGGAAGCGGAACAAGGCC
Corpus_callosum,0.029715762204594,p007,seq_48243,SGHVTCE,AGCGGCCACGTGACCTGCGAG
Corpus_callosum,0.0281653746134705,p007,seq_46692,GALVATP,GGCGCCCTGGTGGCCACCCCC
Corpus_callosum,0.0266149870223469,p007,seq_42166,GTGTEDS,GGCACCGGCACCGAGGACAGC
Corpus_callosum,0.0258397932267851,p007,seq_104000,DRVESGA,GACCGGGTGGAGAGCGGCGCC
Corpus_callosum,0.0235142118400997,p007,seq_14952,LLTAIPT,CTGCTGACCGCCATCCCCACC
DNAse_resistant_AAVs,0.0030744911893521,p006,seq_22107,NMTHSLM,AATTAGACGCATAGTTTGATG
DNAse_resistant_AAVs,0.0030744911893521,p006,seq_71080,NMTHSLM,AATTAGACGCATAGTTTGATG
DNAse_resistant_AAVs,0.0030487268724428,p007,seq_102890,DPSRAFA,GACCCCAGCCGGGCCTTCGCC
DNAse_resistant_AAVs,0.0028540205810899,p007,seq_91901,GDTPDRL,GGCGACACCCCCGACCGGCTG
DNAse_resistant_AAVs,0.0019091780817035,p007,seq_93736,VCDELAA,GTGTGCGACGAGCTGGCCGCC
DNAse_resistant_AAVs,0.0018552662625808,p007,seq_15164,LAHRHGA,CTGGCCCACCGGCACGGCGCC
DNAse_resistant_AAVs,0.0017669981193578,p007,seq_5075,GVPTNVS,GGCGTGCCCACCAACGTGAGC
DNAse_resistant_AAVs,0.0017428133646505,p007,seq_43036,APGVWVR,GCCCCCGGCGTGTGGGTGCGG
DNAse_resistant_AAVs,0.0017339645240355,p007,seq_32898,RRCVGRQ,CGGCGGTGCGTGGGCCGGCAG
DNAse_resistant_AAVs,0.0016580856428731,p006,seq_15631,MPHLKVY,ATGCCGCATCTTAAGGTTTAT
DNAse_resistant_AAVs,0.0016580856428731,p006,seq_94096,MPHLKVY,ATGCCGCATCTTAAGGTTTAT
DNAse_resistant_AAVs,0.0015385341651637,p007,seq_39533,TSIEALG,ACCAGCATCGAGGCCCTGGGC
DNAse_resistant_AAVs,0.0015257176038758,p007,seq_101426,ADPASTV,GCCGACCCCGCCAGCACCGTG
DNAse_resistant_AAVs,0.0015257176038758,p007,seq_48260,HEPPSNA,CACGAGCCCCCCAGCAACGCC
DNAse_resistant_AAVs,0.0014718056683378,p007,seq_84508,NNELRLT,AACAACGAGCTGCGGCTGACC
DNAse_resistant_AAVs,0.0014484927837586,p007,seq_35361,TTSTWEP,ACCACCAGCACCTGGGAGCCC
DNAse_resistant_AAVs,0.0014361268482901,p007,seq_110898,VAGGEDV,GTGGCCGGCGGCGAGGACGTG
DNAse_resistant_AAVs,0.0014354655421087,p007,seq_89919,RAVGKVV,CGGGCCGTGGGCAAGGTGGTG
DNAse_resistant_AAVs,0.0014172325430337,p007,seq_109041,GASMDAA,GGCGCCAGCATGGACGCCGCC
DNAse_resistant_AAVs,0.0014165712368523,p007,seq_108620,AVTDKLG,GCCGTGACCGACAAGCTGGGC
DNAse_resistant_AAVs,0.0013976769315959,p007,seq_87247,LEPAARG,CTGGAGCCCGCCGCCCGGGGC
DNAse_resistant_AAVs,0.0013929847941583,p007,seq_41088,ETDPVTF,GAGACCGACCCCGTGACCTTC
DNAse_resistant_AAVs,0.0013471346375482,p007,seq_58598,EEVRVST,GAGGAGGTGCGGGTGAGCACC
DNAse_resistant_AAVs,0.0013370261787386,p007,seq_68588,PAAKSAV,CCCGCCGCCAAGAGCGCCGTG
DNAse_resistant_AAVs,0.0013276419038633,p007,seq_65129,SLLQLGE,AGCCTGCTGCAGCTGGGCGAG
Fimbria,0.3559870052905309,p007,seq_104000,DRVESGA,GACCGGGTGGAGAGCGGCGCC
Fimbria,0.323907400133292,p005,seq_4812,ADDPAFL,GCCGACGACCCCGCCTTCCTG
Fimbria,0.3122754995519302,p006,seq_140107,VQVVLMP,GTGCAGGTGGTTTTGATGCCG
Fimbria,0.3122754995519302,p006,seq_92723,VQVVLMP,GTGCAGGTGGTTTTGATGCCG
Fimbria,0.2048768181176412,p007,seq_81781,LDLSYSH,CTGGACCTGAGCTACAGCCAC
Fimbria,0.1795219529908501,p005,seq_28500,AKTGETS,GCCAAGACCGGCGAGACCAGC
Fimbria,0.1653213301917713,p005,seq_8537,GRAVSLP,GGCCGGGCCGTGAGCCTGCCC
Fimbria,0.0958304483266103,p007,seq_43637,SWTQHAN,AGCTGGACCCAGCACGCCAAC
Fimbria,0.0680732304474514,p005,seq_3929,LAQLISA,CTGGCCCAGCTGATCAGCGCC
Fimbria,0.0660130832166898,p007,seq_17762,NVTETFN,AACGTGACCGAGACCTTCAAC
Fimbria,0.0454071465702283,p007,seq_82151,NSRDEVA,AACAGCCGGGACGAGGTGGCC
Fimbria,0.0448746982784498,p007,seq_50973,GETDFTN,GGCGAGACCGACTTCACCAAC
Fimbria,0.0423721674652326,p007,seq_99879,SERASEA,AGCGAGCGGGCCAGCGAGGCC
Fimbria,0.0312439001919258,p007,seq_23622,EPAAGLL,GAGCCCGCCGCCGGCCTGCTG
Fimbria,0.0267180487336147,p007,seq_72265,SWNRRYG,AGCTGGAACCGGCGGTACGGC
Fimbria,0.0203113617619675,p005,seq_853,SDRVAQL,AGCGACCGGGTGGCCCAGCTG
Fimbria,0.0196754435321491,p005,seq_23056,FDPAQIH,TTCGACCCCGCCCAGATCCAC
Fimbria,0.0195831781075823,p007,seq_10602,TLFGYSV,ACCCTGTTCGGCTACAGCGTG
Fimbria,0.0191039707334268,p007,seq_77277,DHDRYRD,GACCACGACCGGTACCGGGAC
Fimbria,0.017985819262408,p007,seq_65482,LPELLEE,CTGCCCGAGCTGCTGGAGGAG
Fimbria,0.0173468751655448,p007,seq_46692,GALVATP,GGCGCCCTGGTGGCCACCCCC
Fimbria,0.0170274026514518,p007,seq_46774,QCAAGCT,CAGTGCGCCGCCGGCTGCACC
Fimbria,0.015483290311836,p007,seq_14952,LLTAIPT,CTGCTGACCGCCATCCCCACC
Fimbria,0.0142586476923454,p007,seq_94747,LRKRNKA,CTGCGGAAGCGGAACAAGGCC
Fimbria,0.0140793673938315,p005,seq_23621,SKGLSGV,AGCAAGGGCCTGAGCGGCGTG
Forebrain_ventricle,0.3967033113752092,p006,seq_25226,LLGITYS,TTGCTTGGTATTACTTATTCG
Forebrain_ventricle,0.3967033113752092,p006,seq_59233,LLGITYS,TTGCTTGGTATTACTTATTCG
Forebrain_ventricle,0.2942804804554692,p007,seq_104000,DRVESGA,GACCGGGTGGAGAGCGGCGCC
Forebrain_ventricle,0.191232602905344,p007,seq_10602,TLFGYSV,ACCCTGTTCGGCTACAGCGTG
Forebrain_ventricle,0.1810729464998951,p007,seq_81781,LDLSYSH,CTGGACCTGAGCTACAGCCAC
Forebrain_ventricle,0.1479280497927678,p005,seq_28500,AKTGETS,GCCAAGACCGGCGAGACCAGC
Forebrain_ventricle,0.1346288210263958,p007,seq_43637,SWTQHAN,AGCTGGACCCAGCACGCCAAC
Forebrain_ventricle,0.1236263747726167,p006,seq_140107,VQVVLMP,GTGCAGGTGGTTTTGATGCCG
Forebrain_ventricle,0.1236263747726167,p006,seq_92723,VQVVLMP,GTGCAGGTGGTTTTGATGCCG
Forebrain_ventricle,0.0874590090027561,p007,seq_63898,TWGKVYW,ACCTGGGGCAAGGTGTACTGG
Forebrain_ventricle,0.0744564440150273,p005,seq_5059,KHRRGTP,AAGCACCGGCGGGGCACCCCC
Forebrain_ventricle,0.0664140208175888,p007,seq_17762,NVTETFN,AACGTGACCGAGACCTTCAAC
Forebrain_ventricle,0.0647402834196103,p005,seq_4812,ADDPAFL,GCCGACGACCCCGCCTTCCTG
Forebrain_ventricle,0.058517577131511,p005,seq_22289,LGAPVFH,CTGGGCGCCCCCGTGTTCCAC
Forebrain_ventricle,0.058431435238432,p007,seq_48243,SGHVTCE,AGCGGCCACGTGACCTGCGAG
Forebrain_ventricle,0.0577057449630013,p007,seq_50973,GETDFTN,GGCGAGACCGACTTCACCAAC
Forebrain_ventricle,0.0577057449630013,p007,seq_115054,EDPINDG,GAGGACCCCATCAACGACGGC
Forebrain_ventricle,0.0479280557532323,p005,seq_16475,SDPPAQV,AGCGACCCCCCCGCCCAGGTG
Forebrain_ventricle,0.0425787102479947,p005,seq_37349,GMGDLGR,GGCATGGGCGACCTGGGCCGG
Forebrain_ventricle,0.0359193217058194,p005,seq_16057,VCTLLSR,GTGTGCACCCTGCTGAGCCGG
Forebrain_ventricle,0.0317708514679682,p005,seq_20964,TRTWALP,ACCCGGACCTGGGCCCTGCCC
Forebrain_ventricle,0.0288232527722132,p005,seq_12718,TEGFTWT,ACCGAGGGCTTCACCTGGACC
Forebrain_ventricle,0.0281682312537444,p005,seq_32709,SRCGLDS,AGCCGGTGCGGCCTGGACAGC
Forebrain_ventricle,0.0279524809232464,p007,seq_61471,QLEANRE,CAGCTGGAGGCCAACCGGGAG
Forebrain_ventricle,0.0267490167219651,p005,seq_31258,WFSSWKS,TGGTTCAGCAGCTGGAAGAGC
Infective_AAVs,0.2274600500485628,p006,seq_25226,LLGITYS,TTGCTTGGTATTACTTATTCG
Infective_AAVs,0.2274600500485628,p006,seq_59233,LLGITYS,TTGCTTGGTATTACTTATTCG
Infective_AAVs,0.1713090772053926,p006,seq_140107,VQVVLMP,GTGCAGGTGGTTTTGATGCCG
Infective_AAVs,0.1713090772053926,p006,seq_92723,VQVVLMP,GTGCAGGTGGTTTTGATGCCG
Infective_AAVs,0.1250769169061373,p007,seq_104000,DRVESGA,GACCGGGTGGAGAGCGGCGCC
Infective_AAVs,0.0855930418698977,p007,seq_81781,LDLSYSH,CTGGACCTGAGCTACAGCCAC
Infective_AAVs,0.0709877568734216,p005,seq_29039,YPLVGAM,TACCCCCTGGTGGGCGCCATG
Infective_AAVs,0.0604206729186105,p005,seq_4812,ADDPAFL,GCCGACGACCCCGCCTTCCTG
Infective_AAVs,0.0473987394004057,p007,seq_51361,DSSSLVP,GACAGCAGCAGCCTGGTGCCC
Infective_AAVs,0.037013192567129,p007,seq_43637,SWTQHAN,AGCTGGACCCAGCACGCCAAC
Infective_AAVs,0.0330954744423483,p005,seq_16475,SDPPAQV,AGCGACCCCCCCGCCCAGGTG
Infective_AAVs,0.0243125529020022,p007,seq_91901,GDTPDRL,GGCGACACCCCCGACCGGCTG
Infective_AAVs,0.0230899467570113,p005,seq_37051,RGEEIRV,CGGGGCGAGGAGATCCGGGTG
Infective_AAVs,0.0223812692790221,p007,seq_17762,NVTETFN,AACGTGACCGAGACCTTCAAC
Infective_AAVs,0.019296060222287,p007,seq_82151,NSRDEVA,AACAGCCGGGACGAGGTGGCC
Infective_AAVs,0.0181412874663923,p005,seq_12718,TEGFTWT,ACCGAGGGCTTCACCTGGACC
Infective_AAVs,0.0175569481653498,p005,seq_32709,SRCGLDS,AGCCGGTGCGGCCTGGACAGC
Infective_AAVs,0.0174237485480832,p005,seq_36436,DVTTVST,GACGTGACCACCGTGAGCACC
Infective_AAVs,0.0171132824326609,p005,seq_28500,AKTGETS,GCCAAGACCGGCGAGACCAGC
Infective_AAVs,0.016774908545513,p007,seq_67992,ALAAGTT,GCCCTGGCCGCCGGCACCACC
Infective_AAVs,0.0161010115844535,p005,seq_31258,WFSSWKS,TGGTTCAGCAGCTGGAAGAGC
Infective_AAVs,0.0157743148011493,p005,seq_18541,VIANGEI,GTGATCGCCAACGGCGAGATC
Infective_AAVs,0.0148316238998364,p007,seq_50973,GETDFTN,GGCGAGACCGACTTCACCAAC
Infective_AAVs,0.0145292473462747,p005,seq_6195,SVSDLST,AGCGTGAGCGACCTGAGCACC
Infective_AAVs,0.0144201879381131,p007,seq_28828,NLTKLDI,AACCTGACCAAGCTGGACATC
Medulla,0.4981322353745734,p006,seq_140107,VQVVLMP,GTGCAGGTGGTTTTGATGCCG
Medulla,0.4981322353745734,p006,seq_92723,VQVVLMP,GTGCAGGTGGTTTTGATGCCG
Medulla,0.391310875533057,p007,seq_10602,TLFGYSV,ACCCTGTTCGGCTACAGCGTG
Medulla,0.2359184697506919,p005,seq_4812,ADDPAFL,GCCGACGACCCCGCCTTCCTG
Medulla,0.2152151216248997,p007,seq_111725,LPIDPVP,CTGCCCATCGACCCCGTGCCC
Medulla,0.1642900605182178,p007,seq_63898,TWGKVYW,ACCTGGGGCAAGGTGTACTGG
Medulla,0.0935098454592719,p005,seq_37349,GMGDLGR,GGCATGGGCGACCTGGGCCGG
Medulla,0.0894821707586773,p007,seq_115054,EDPINDG,GAGGACCCCATCAACGACGGC
Medulla,0.0800571292875305,p005,seq_16057,VCTLLSR,GTGTGCACCCTGCTGAGCCGG
Medulla,0.080000482523252,p005,seq_20964,TRTWALP,ACCCGGACCTGGGCCCTGCCC
Medulla,0.0768446226100452,p007,seq_48243,SGHVTCE,AGCGGCCACGTGACCTGCGAG
Medulla,0.0486485809324279,p005,seq_25067,AVNEAAM,GCCGTGAACGAGGCCGCCATG
Medulla,0.0459337607262626,p005,seq_18519,LATRVAR,CTGGCCACCCGGGTGGCCCGG
Medulla,0.0454037450490489,p005,seq_8269,GEDPNLL,GGCGAGGACCCCAACCTGCTG
Medulla,0.0442021042345062,p005,seq_16171,SQFMGIF,AGCCAGTTCATGGGCATCTTC
Medulla,0.0420577600834861,p005,seq_29015,QRGADLA,CAGCGGGGCGCCGACCTGGCC
Medulla,0.0374494455991283,p005,seq_41707,ADPTAPV,GCCGACCCCACCGCCCCCGTG
Medulla,0.0362963564930454,p005,seq_10663,RFPNSTR,CGGTTCCCCAACAGCACCCGG
Medulla,0.0334318392215267,p005,seq_24046,CGRCCSI,TGCGGCCGGTGCTGCAGCATC
Medulla,0.0315342974154249,p005,seq_19295,VTGPLPT,GTGACCGGCCCCCTGCCCACC
Medulla,0.0288842134414211,p005,seq_28143,VSSLLQL,GTGAGCAGCCTGCTGCAGCTG
Medulla,0.0265213921902671,p005,seq_10897,IGEIQEQ,ATCGGCGAGATCCAGGAGCAG
Medulla,0.024182844930698,p005,seq_27730,YYYASQI,TACTACTACGCCAGCCAGATC
Medulla,0.0231754072247043,p005,seq_22670,KKFQLLV,AAGAAGTTCCAGCTGCTGGTG
Medulla,0.0223585546444185,p007,seq_108541,LHVHGGG,CTGCACGTGCACGGCGGCGGC
Optic_tract,0.3073130919123595,p007,seq_99879,SERASEA,AGCGAGCGGGCCAGCGAGGCC
Optic_tract,0.1993614359284347,p007,seq_23622,EPAAGLL,GAGCCCGCCGCCGGCCTGCTG
Optic_tract,0.168917119644937,p006,seq_348516,LVMQGFP,TTGGTGATGCAGGGGTTTCCG
Optic_tract,0.168917119644937,p006,seq_483227,LVMQGFP,TTGGTGATGCAGGGGTTTCCG
Optic_tract,0.1247015969384284,p006,seq_1138520,DIYASSL,GATATTTATGCGTCTTCGTTG
Optic_tract,0.1036253421092933,p007,seq_65482,LPELLEE,CTGCCCGAGCTGCTGGAGGAG
Optic_tract,0.1017007158625693,p006,seq_140107,VQVVLMP,GTGCAGGTGGTTTTGATGCCG
Optic_tract,0.1017007158625693,p006,seq_92723,VQVVLMP,GTGCAGGTGGTTTTGATGCCG
Optic_tract,0.0625131575847571,p007,seq_34097,ENDRVAM,GAGAACGACCGGGTGGCCATG
Optic_tract,0.0579589454914039,p007,seq_44398,AGAIHVP,GCCGGCGCCATCCACGTGCCC
Optic_tract,0.0558638347769683,p007,seq_71647,RISKPGA,CGGATCAGCAAGCCCGGCGCC
Optic_tract,0.0500221402872176,p006,seq_187216,STAFRSQ,AGTACGGCGTTTCGTTCGCAG
Optic_tract,0.0500221402872176,p006,seq_213254,STAFRSQ,AGTACGGCGTTTCGTTCGCAG
Optic_tract,0.0487351155365413,p007,seq_40497,PFDGEGG,CCCTTCGACGGCGAGGGCGGC
Optic_tract,0.0455569362724727,p007,seq_41038,QAVQPPA,CAGGCCGTGCAGCCCCCCGCC
Optic_tract,0.0446425414169734,p007,seq_40683,PTTDAAL,CCCACCACCGACGCCGCCCTG
Optic_tract,0.0430268159593051,p007,seq_84485,LCHPNCT,CTGTGCCACCCCAACTGCACC
Optic_tract,0.0412866958904834,p006,seq_25226,LLGITYS,TTGCTTGGTATTACTTATTCG
Optic_tract,0.0412866958904834,p006,seq_59233,LLGITYS,TTGCTTGGTATTACTTATTCG
Optic_tract,0.0409686008024783,p006,seq_135177,VTLGEPK,GTGACTCTGGGTGAGCCGAAG
Optic_tract,0.0409686008024783,p006,seq_51612,VTLGEPK,GTGACTCTGGGTGAGCCGAAG
Optic_tract,0.0395738670158953,p006,seq_20913,GKRASNG,GGCAAGCGGGCCAGCAACGGC
Optic_tract,0.0395738670158953,p006,seq_26906,GKRASNG,GGCAAGCGGGCCAGCAACGGC
Optic_tract,0.0386248618760258,p005,seq_20858,LDLTSFV,CTGGACCTGACCAGCTTCGTG
Optic_tract,0.0350724829817717,p007,seq_104000,DRVESGA,GACCGGGTGGAGAGCGGCGCC
Plasmid_Library,0.0033707976857937,p007,seq_34303,AIAAEGT,GCCATCGCCGCCGAGGGCACC
Plasmid_Library,0.0022899129409608,p007,seq_1940,APVVTTS,GCCCCCGTGGTGACCACCAGC
Plasmid_Library,0.0022825957633767,p007,seq_88957,IHADANA,ATCCACGCCGACGCCAACGCC
Plasmid_Library,0.0019441621865503,p007,seq_21039,AFAAIKA,GCCTTCGCCGCCATCAAGGCC
Plasmid_Library,0.0018277823490316,p007,seq_109262,PHSSTRH,CCCCACAGCAGCACCCGGCAC
Plasmid_Library,0.0016593786735273,p007,seq_86481,YLPTVEG,TACCTGCCCACCGTGGAGGGC
Plasmid_Library,0.0016573901106409,p007,seq_94897,SKLLSGD,AGCAAGCTGCTGAGCGGCGAC
Plasmid_Library,0.0015763854618828,p007,seq_31145,DGTGISA,GACGGCACCGGCATCAGCGCC
Plasmid_Library,0.0015641093934219,p007,seq_51554,VPTSCAE,GTGCCCACCAGCTGCGCCGAG
Plasmid_Library,0.0015097433038214,p007,seq_27676,RMAMPHA,CGGATGGCCATGCCCCACGCC
Plasmid_Library,0.0014147053835128,p007,seq_91445,FESDGRR,TTCGAGAGCGACGGCCGGCGG
Plasmid_Library,0.0013809552753975,p007,seq_106489,DQARSAE,GACCAGGCCCGGAGCGCCGAG
Plasmid_Library,0.0013500264064135,p007,seq_112072,QPVATPT,CAGCCCGTGGCCACCCCCACC
Plasmid_Library,0.001276627766126,p007,seq_16672,GGVAVPL,GGCGGCGTGGCCGTGCCCCTG
Plasmid_Library,0.0012456582760517,p007,seq_102284,DVNYFRR,GACGTGAACTACTTCCGGCGG
Plasmid_Library,0.0011965550309651,p007,seq_110993,ASLLSGE,GCCAGCCTGCTGAGCGGCGAG
Plasmid_Library,0.0011707579128077,p007,seq_92306,SALGVVM,AGCGCCCTGGGCGTGGTGATG
Plasmid_Library,0.001168348513006,p007,seq_52835,CHYVRVL,TGCCACTACGTGCGGGTGCTG
Plasmid_Library,0.001157763528205,p007,seq_5180,QTRGDAG,CAGACCCGGGGCGACGCCGGC
Plasmid_Library,0.0011562376849119,p007,seq_14030,TRATAGP,ACCCGGGCCACCGCCGGCCCC
Plasmid_Library,0.0011308857568372,p007,seq_111849,VASLSES,GTGGCCAGCCTGAGCGAGAGC
Plasmid_Library,0.0011307623991482,p007,seq_73528,GKGPTYI,GGCAAGGGCCCCACCTACATC
Plasmid_Library,0.0011293599135441,p007,seq_57108,AMRLCYI,GCCATGCGGCTGTGCTACATC
Plasmid_Library,0.0011218277605016,p007,seq_50229,ATLTPLT,GCCACCCTGACCCCCCTGACC
Plasmid_Library,0.0011170911053853,p007,seq_56080,GGVSCAV,GGCGGCGTGAGCTGCGCCGTG
Posterior_commisure,0.4552672820932725,p006,seq_140107,VQVVLMP,GTGCAGGTGGTTTTGATGCCG
Posterior_commisure,0.4552672820932725,p006,seq_92723,VQVVLMP,GTGCAGGTGGTTTTGATGCCG
Posterior_commisure,0.4037133805129839,p007,seq_10602,TLFGYSV,ACCCTGTTCGGCTACAGCGTG
Posterior_commisure,0.184829255161078,p007,seq_23622,EPAAGLL,GAGCCCGCCGCCGGCCTGCTG
Posterior_commisure,0.1676618806693864,p007,seq_63898,TWGKVYW,ACCTGGGGCAAGGTGTACTGG
Posterior_commisure,0.144451421029462,p005,seq_28500,AKTGETS,GCCAAGACCGGCGAGACCAGC
Posterior_commisure,0.1333461816381351,p005,seq_33511,FTWTGAS,TTCACCTGGACCGGCGCCAGC
Posterior_commisure,0.0897184724878207,p005,seq_5059,KHRRGTP,AAGCACCGGCGGGGCACCCCC
Posterior_commisure,0.0732412762615991,p007,seq_48243,SGHVTCE,AGCGGCCACGTGACCTGCGAG
Posterior_commisure,0.0732412762615991,p007,seq_115054,EDPINDG,GAGGACCCCATCAACGACGGC
Posterior_commisure,0.0675080011557475,p005,seq_4812,ADDPAFL,GCCGACGACCCCGCCTTCCTG
Posterior_commisure,0.064657585290463,p007,seq_71647,RISKPGA,CGGATCAGCAAGCCCGGCGCC
Posterior_commisure,0.0560277345425942,p006,seq_1138520,DIYASSL,GATATTTATGCGTCTTCGTTG
Posterior_commisure,0.0560277345425942,p006,seq_348516,LVMQGFP,TTGGTGATGCAGGGGTTTCCG
Posterior_commisure,0.0560277345425942,p006,seq_483227,LVMQGFP,TTGGTGATGCAGGGGTTTCCG
Posterior_commisure,0.0513789731036559,p005,seq_14214,SSGIGKT,AGCAGCGGCATCGGCAAGACC
Posterior_commisure,0.0474902033481908,p007,seq_65482,LPELLEE,CTGCCCGAGCTGCTGGAGGAG
Posterior_commisure,0.0431983578626228,p007,seq_34097,ENDRVAM,GAGAACGACCGGGTGGCCATG
Posterior_commisure,0.0405381473671332,p005,seq_37349,GMGDLGR,GGCATGGGCGACCTGGGCCGG
Posterior_commisure,0.0389065123770547,p007,seq_40683,PTTDAAL,CCCACCACCGACGCCGCCCTG
Posterior_commisure,0.0370163273833253,p006,seq_135177,VTLGEPK,GTGACTCTGGGTGAGCCGAAG
Posterior_commisure,0.0370163273833253,p006,seq_20913,GKRASNG,GGCAAGCGGGCCAGCAACGGC
Posterior_commisure,0.0370163273833253,p006,seq_25226,LLGITYS,TTGCTTGGTATTACTTATTCG
Posterior_commisure,0.0370163273833253,p006,seq_26906,GKRASNG,GGCAAGCGGGCCAGCAACGGC
Posterior_commisure,0.0370163273833253,p006,seq_51612,VTLGEPK,GTGACTCTGGGTGAGCCGAAG
Sox10+_IC,0.1418762005205396,p006,seq_140107,VQVVLMP,GTGCAGGTGGTTTTGATGCCG
Sox10+_IC,0.1418762005205396,p006,seq_92723,VQVVLMP,GTGCAGGTGGTTTTGATGCCG
Sox10+_IC,0.121381983033754,p007,seq_67992,ALAAGTT,GCCCTGGCCGCCGGCACCACC
Sox10+_IC,0.0979467107573525,p007,seq_28828,NLTKLDI,AACCTGACCAAGCTGGACATC
Sox10+_IC,0.0953610165635125,p007,seq_52869,SAGVTGP,AGCGCCGGCGTGACCGGCCCC
Sox10+_IC,0.0922232641497628,p007,seq_92424,DNMQLQV,GACAACATGCAGCTGCAGGTG
Sox10+_IC,0.0885226995013283,p005,seq_4812,ADDPAFL,GCCGACGACCCCGCCTTCCTG
Sox10+_IC,0.0816330558891537,p006,seq_256730,FYRFIFH,TTTTATAGGTTTATTTTTCAT
Sox10+_IC,0.0816330558891537,p006,seq_311943,FYRFIFH,TTTTATAGGTTTATTTTTCAT
Sox10+_IC,0.0798393532894181,p005,seq_7326,PKQVPET,CCCAAGCAGGTGCCCGAGACC
Sox10+_IC,0.0692940897579434,p006,seq_25226,LLGITYS,TTGCTTGGTATTACTTATTCG
Sox10+_IC,0.0692940897579434,p006,seq_59233,LLGITYS,TTGCTTGGTATTACTTATTCG
Sox10+_IC,0.0666573567906396,p007,seq_107606,GRVAQHA,GGCCGGGTGGCCCAGCACGCC
Sox10+_IC,0.0662146507421509,p007,seq_95217,QETTGTP,CAGGAGACCACCGGCACCCCC
Sox10+_IC,0.0514456413946675,p005,seq_41654,VLPGGEN,GTGCTGCCCGGCGGCGAGAAC
Sox10+_IC,0.0510731272659825,p005,seq_40750,LRDEVVP,CTGCGGGACGAGGTGGTGCCC
Sox10+_IC,0.04304923849497,p007,seq_52614,IARVVKK,ATCGCCCGGGTGGTGAAGAAG
Sox10+_IC,0.0421938112596051,p007,seq_18623,TQSLVGT,ACCCAGAGCCTGGTGGGCACC
Sox10+_IC,0.0360200673602151,p005,seq_9147,QSDRGWG,CAGAGCGACCGGGGCTGGGGC
Sox10+_IC,0.0351805019463542,p006,seq_57870,KQDAELF,AAGCAGGATGCTGAGCTGTTT
Sox10+_IC,0.0351805019463542,p006,seq_893902,KQDAELF,AAGCAGGATGCTGAGCTGTTT
Sox10+_IC,0.034454681285763,p006,seq_17728,LNTVFHF,TTGAATACTGTTTTTCATTTT
Sox10+_IC,0.034454681285763,p006,seq_52300,LNTVFHF,TTGAATACTGTTTTTCATTTT
Sox10+_IC,0.0332264945171403,p005,seq_1793,GLRVVCA,GGCCTGCGGGTGGTGTGCGCC
Sox10+_IC,0.0320957622761967,p006,seq_790537,GMQLLGY,GGCCTGCAGCTGCTGGGCTAC
Sox10+_midbrain,0.7189814003687056,p007,seq_82151,NSRDEVA,AACAGCCGGGACGAGGTGGCC
Sox10+_midbrain,0.5310134700035751,p005,seq_29039,YPLVGAM,TACCCCCTGGTGGGCGCCATG
Sox10+_midbrain,0.3847275110101511,p006,seq_25226,LLGITYS,TTGCTTGGTATTACTTATTCG
Sox10+_midbrain,0.3847275110101511,p006,seq_59233,LLGITYS,TTGCTTGGTATTACTTATTCG
Sox10+_midbrain,0.1741415372585952,p005,seq_37051,RGEEIRV,CGGGGCGAGGAGATCCGGGTG
Sox10+_midbrain,0.1095782926773727,p005,seq_6195,SVSDLST,AGCGTGAGCGACCTGAGCACC
Sox10+_midbrain,0.0833765006160438,p005,seq_4812,ADDPAFL,GCCGACGACCCCGCCTTCCTG
Sox10+_midbrain,0.0596143121402415,p007,seq_104000,DRVESGA,GACCGGGTGGAGAGCGGCGCC
Sox10+_midbrain,0.0391487407069357,p007,seq_51361,DSSSLVP,GACAGCAGCAGCCTGGTGCCC
Sox10+_midbrain,0.0351606702934654,p007,seq_81781,LDLSYSH,CTGGACCTGAGCTACAGCCAC
Sox10+_midbrain,0.032089498130575,p007,seq_72265,SWNRRYG,AGCTGGAACCGGCGGTACGGC
Sox10+_midbrain,0.0237572772931011,p007,seq_94747,LRKRNKA,CTGCGGAAGCGGAACAAGGCC
Sox10+_midbrain,0.0223952813576611,p007,seq_77277,DHDRYRD,GACCACGACCGGTACCGGGAC
Sox10+_midbrain,0.0194754416625651,p007,seq_46774,QCAAGCT,CAGTGCGCCGCCGGCTGCACC
Sox10+_midbrain,0.0194576385002287,p007,seq_46692,GALVATP,GGCGCCCTGGTGGCCACCCCC
Sox10+_midbrain,0.0178196805100592,p007,seq_43637,SWTQHAN,AGCTGGACCCAGCACGCCAAC
Sox10+_midbrain,0.0174725048746618,p007,seq_14952,LLTAIPT,CTGCTGACCGCCATCCCCACC
Sox10+_midbrain,0.0170630034199168,p006,seq_348516,LVMQGFP,TTGGTGATGCAGGGGTTTCCG
Sox10+_midbrain,0.0170630034199168,p006,seq_483227,LVMQGFP,TTGGTGATGCAGGGGTTTCCG
Sox10+_midbrain,0.012291572293237,p007,seq_17762,NVTETFN,AACGTGACCGAGACCTTCAAC
Sox10+_midbrain,0.0096744003276976,p007,seq_50973,GETDFTN,GGCGAGACCGACTTCACCAAC
Sox10+_midbrain,0.0081535237049867,p006,seq_140107,VQVVLMP,GTGCAGGTGGTTTTGATGCCG
Sox10+_midbrain,0.0081535237049867,p006,seq_92723,VQVVLMP,GTGCAGGTGGTTTTGATGCCG
Sox10+_midbrain,0.0080186391751917,p007,seq_98771,QHVLKKL,CAGCACGTGCTGAAGAAGCTG
Sox10+_midbrain,0.0068435822650494,p007,seq_99879,SERASEA,AGCGAGCGGGCCAGCGAGGCC
Sox10+_sort_pooled,0.4646103634284093,p006,seq_25226,LLGITYS,TTGCTTGGTATTACTTATTCG
Sox10+_sort_pooled,0.4646103634284093,p006,seq_59233,LLGITYS,TTGCTTGGTATTACTTATTCG
Sox10+_sort_pooled,0.334739646381802,p007,seq_104000,DRVESGA,GACCGGGTGGAGAGCGGCGCC
Sox10+_sort_pooled,0.2314368993706173,p007,seq_81781,LDLSYSH,CTGGACCTGAGCTACAGCCAC
Sox10+_sort_pooled,0.1159194593920427,p005,seq_16475,SDPPAQV,AGCGACCCCCCCGCCCAGGTG
Sox10+_sort_pooled,0.1149903372592396,p007,seq_51361,DSSSLVP,GACAGCAGCAGCCTGGTGCCC
Sox10+_sort_pooled,0.0998450577921337,p007,seq_43637,SWTQHAN,AGCTGGACCCAGCACGCCAAC
Sox10+_sort_pooled,0.0640945767655092,p005,seq_12718,TEGFTWT,ACCGAGGGCTTCACCTGGACC
Sox10+_sort_pooled,0.0620573198094087,p005,seq_36436,DVTTVST,GACGTGACCACCGTGAGCACC
Sox10+_sort_pooled,0.0616679412915426,p005,seq_32709,SRCGLDS,AGCCGGTGCGGCCTGGACAGC
Sox10+_sort_pooled,0.0603831358916229,p007,seq_17762,NVTETFN,AACGTGACCGAGACCTTCAAC
Sox10+_sort_pooled,0.0573146415545659,p005,seq_31258,WFSSWKS,TGGTTCAGCAGCTGGAAGAGC
Sox10+_sort_pooled,0.0561121141209321,p005,seq_18541,VIANGEI,GTGATCGCCAACGGCGAGATC
Sox10+_sort_pooled,0.048555273343535,p005,seq_33498,PDRTLMS,CCCGACCGGACCCTGATGAGC
Sox10+_sort_pooled,0.0474598889841752,p005,seq_5652,GFTCTGV,GGCTTCACCTGCACCGGCGTG
Sox10+_sort_pooled,0.0474582908346372,p005,seq_4812,ADDPAFL,GCCGACGACCCCGCCTTCCTG
Sox10+_sort_pooled,0.0429091041578966,p005,seq_226,GRSLQGL,GGCCGGAGCCTGCAGGGCCTG
Sox10+_sort_pooled,0.0402052810086923,p005,seq_10369,ESLQNPY,GAGAGCCTGCAGAACCCCTAC
Sox10+_sort_pooled,0.040202355451054,p007,seq_50973,GETDFTN,GGCGAGACCGACTTCACCAAC
Sox10+_sort_pooled,0.0379561407162862,p005,seq_26385,AASVNLE,GCCGCCAGCGTGAACCTGGAG
Sox10+_sort_pooled,0.0316844468607622,p005,seq_19403,IPPAACL,ATCCCCCCCGCCGCCTGCCTG
Sox10+_sort_pooled,0.0238482987179475,p005,seq_13165,PKDRATA,CCCAAGGACCGGGCCACCGCC
Sox10+_sort_pooled,0.0156676466307706,p007,seq_105556,VRNDPAA,GTGCGGAACGACCCCGCCGCC
Sox10+_sort_pooled,0.0141093129954404,p007,seq_73783,DDGPMVP,GACGACGGCCCCATGGTGCCC
Sox10+_sort_pooled,0.0095033543900801,p006,seq_140107,VQVVLMP,GTGCAGGTGGTTTTGATGCCG
Sox10+_striatum,0.2400680631399154,p006,seq_256730,FYRFIFH,TTTTATAGGTTTATTTTTCAT
Sox10+_striatum,0.2400680631399154,p006,seq_311943,FYRFIFH,TTTTATAGGTTTATTTTTCAT
Sox10+_striatum,0.1565517907085287,p007,seq_91901,GDTPDRL,GGCGACACCCCCGACCGGCTG
Sox10+_striatum,0.0971958041191101,p006,seq_57870,KQDAELF,AAGCAGGATGCTGAGCTGTTT
Sox10+_striatum,0.0971958041191101,p006,seq_893902,KQDAELF,AAGCAGGATGCTGAGCTGTTT
Sox10+_striatum,0.0849606990814209,p006,seq_338707,TTRGVAE,ACCACCCGGGGCGTGGCCGAG
Sox10+_striatum,0.0849606990814209,p006,seq_97492,GSRRYPD,GGCAGCCGGCGGTACCCCGAC
Sox10+_striatum,0.0765142490210402,p007,seq_26284,LVVVGWF,CTGGTGGTGGTGGGCTGGTTC
Sox10+_striatum,0.0758643125238287,p007,seq_7832,PRGNASN,CCCCGGGGCAACGCCAGCAAC
Sox10+_striatum,0.0729597483816015,p007,seq_44705,LLLGVFL,CTGCTGCTGGGCGTGTTCCTG
Sox10+_striatum,0.0568112854900229,p007,seq_103303,EGTAGDH,GAGGGCACCGCCGGCGACCAC
Sox10+_striatum,0.0545668452978134,p006,seq_140107,VQVVLMP,GTGCAGGTGGTTTTGATGCCG
Sox10+_striatum,0.0545668452978134,p006,seq_92723,VQVVLMP,GTGCAGGTGGTTTTGATGCCG
Sox10+_striatum,0.0537813323593639,p005,seq_38904,AGVVYVM,GCCGGCGTGGTGTACGTGATG
Sox10+_striatum,0.0483258813619613,p006,seq_120475,DIGETST,GATATTGGTGAGACTTCGACT
Sox10+_striatum,0.0483258813619613,p006,seq_24426,DIGETST,GATATTGGTGAGACTTCGACT
Sox10+_striatum,0.0466461231055128,p007,seq_6176,VDEYDPT,GTGGACGAGTACGACCCCACC
Sox10+_striatum,0.045534936064707,p007,seq_90242,PPLGPEA,CCCCCCCTGGGCCCCGAGGCC
Sox10+_striatum,0.0331522424759733,p007,seq_69747,QGGRKQA,CAGGGCGGCCGGAAGCAGGCC
Sox10+_striatum,0.0325119842829573,p007,seq_110624,LLHADLN,CTGCTGCACGCCGACCTGAAC
Sox10+_striatum,0.030458952585088,p007,seq_95268,YIDIPET,TACATCGACATCCCCGAGACC
Sox10+_striatum,0.0302444578202831,p007,seq_51361,DSSSLVP,GACAGCAGCAGCCTGGTGCCC
Sox10+_striatum,0.0296519975221656,p005,seq_6732,CLTVLTE,TGCCTGACCGTGCTGACCGAG
Sox10+_striatum,0.0284051763868831,p005,seq_32581,AATISRC,GCCGCCACCATCAGCCGGTGC
Sox10+_striatum,0.0260255050899851,p007,seq_53446,HLTLPQA,CACCTGACCCTGCCCCAGGCC
Sox10-_IC,0.2219990870127311,p006,seq_17728,LNTVFHF,TTGAATACTGTTTTTCATTTT
Sox10-_IC,0.2219990870127311,p006,seq_52300,LNTVFHF,TTGAATACTGTTTTTCATTTT
Sox10-_IC,0.1413575789103141,p006,seq_790537,GMQLLGY,GGCCTGCAGCTGCTGGGCTAC
Sox10-_IC,0.1413575789103141,p006,seq_982080,GMQLLGY,GGCCTGCAGCTGCTGGGCTAC
Sox10-_IC,0.1381046852240195,p006,seq_270924,LHADSSA,CTTCATGCTGATTCTTCGGCT
Sox10-_IC,0.1381046852240195,p006,seq_323174,LHADSSA,CTTCATGCTGATTCTTCGGCT
Sox10-_IC,0.1159027653489808,p007,seq_74576,DAAVGGL,GACGCCGCCGTGGGCGGCCTG
Sox10-_IC,0.0763873296533327,p007,seq_88386,LTGPELG,CTGACCGGCCCCGAGCTGGGC
Sox10-_IC,0.0636251602361595,p005,seq_33885,RIMGPAV,CGGATCATGGGCCCCGCCGTG
Sox10-_IC,0.0318166228686075,p007,seq_28190,VYVRPII,GTGTACGTGCGGCCCATCATC
Sox10-_IC,0.025075448308388,p005,seq_32450,NARDRSI,AACGCCCGGGACCGGAGCATC
Sox10-_IC,0.0241074568335513,p007,seq_55934,EEPRADS,GAGGAGCCCCGGGCCGACAGC
Sox10-_IC,0.0206221311096648,p007,seq_90650,DAIVLLR,GACGCCATCGTGCTGCTGCGG
Sox10-_IC,0.0179745653787484,p006,seq_140107,VQVVLMP,GTGCAGGTGGTTTTGATGCCG
Sox10-_IC,0.0179745653787484,p006,seq_92723,VQVVLMP,GTGCAGGTGGTTTTGATGCCG
Sox10-_IC,0.0165532596488786,p005,seq_11100,ERALDAA,GAGCGGGCCCTGGACGCCGCC
Sox10-_IC,0.0162767904554109,p007,seq_40123,QVHGLME,CAGGTGCACGGCCTGATGGAG
Sox10-_IC,0.0156672793583801,p006,seq_57114,VYMMFSW,GTTTATATGTAGTTTTCTTGG
Sox10-_IC,0.0156672793583801,p006,seq_94851,VYMMFSW,GTTTATATGTAGTTTTCTTGG
Sox10-_IC,0.0151618688110809,p007,seq_68385,RKFARSD,CGGAAGTTCGCCCGGAGCGAC
Sox10-_IC,0.0148478500584757,p005,seq_4304,RCGSQAG,CGGTGCGGCAGCCAGGCCGGC
Sox10-_IC,0.0147378162224392,p007,seq_70930,AADSVFF,GCCGCCGACAGCGTGTTCTTC
Sox10-_IC,0.0145703736835947,p006,seq_1036750,LSHYKKI,TTGAGTCATTATAAGATGATT
Sox10-_IC,0.0145703736835947,p006,seq_926901,LSHYKKI,TTGAGTCATTATAAGATGATT
Sox10-_IC,0.0141102639997995,p005,seq_24648,WYFDVTE,TGGTACTTCGACGTGACCGAG
Sox10-_sort_pooled,0.1936099419405249,p006,seq_348516,LVMQGFP,TTGGTGATGCAGGGGTTTCCG
Sox10-_sort_pooled,0.1936099419405249,p006,seq_483227,LVMQGFP,TTGGTGATGCAGGGGTTTCCG
Sox10-_sort_pooled,0.1869816919402963,p007,seq_72265,SWNRRYG,AGCTGGAACCGGCGGTACGGC
Sox10-_sort_pooled,0.1366713037328607,p007,seq_77277,DHDRYRD,GACCACGACCGGTACCGGGAC
Sox10-_sort_pooled,0.1366249313192254,p007,seq_94747,LRKRNKA,CTGCGGAAGCGGAACAAGGCC
Sox10-_sort_pooled,0.1333756933023718,p006,seq_25226,LLGITYS,TTGCTTGGTATTACTTATTCG
Sox10-_sort_pooled,0.1333756933023718,p006,seq_59233,LLGITYS,TTGCTTGGTATTACTTATTCG
Sox10-_sort_pooled,0.1111981113986856,p007,seq_46774,QCAAGCT,CAGTGCGCCGCCGGCTGCACC
Sox10-_sort_pooled,0.1111119901375657,p007,seq_46692,GALVATP,GGCGCCCTGGTGGCCACCCCC
Sox10-_sort_pooled,0.0983588238792306,p007,seq_14952,LLTAIPT,CTGCTGACCGCCATCCCCACC
Sox10-_sort_pooled,0.0681620006995088,p007,seq_104000,DRVESGA,GACCGGGTGGAGAGCGGCGCC
Sox10-_sort_pooled,0.0555174046777955,p005,seq_25657,GRCGADN,GGCCGGTGCGGCGCCGACAAC
Sox10-_sort_pooled,0.0484001928591005,p005,seq_389,DCWVDNE,GACTGCTGGGTGGACAACGAG
Sox10-_sort_pooled,0.0443914373950845,p007,seq_97809,YHGYSCD,TACCACGGCTACAGCTGCGAC
Sox10-_sort_pooled,0.0438952067517511,p005,seq_9702,GNGCGLF,GGCAACGGCTGCGGCCTGTTC
Sox10-_sort_pooled,0.0426396349095575,p005,seq_30531,PVDEGWT,CCCGTGGACGAGGGCTGGACC
Sox10-_sort_pooled,0.0418846273829726,p006,seq_140107,VQVVLMP,GTGCAGGTGGTTTTGATGCCG
Sox10-_sort_pooled,0.0418846273829726,p006,seq_92723,VQVVLMP,GTGCAGGTGGTTTTGATGCCG
Sox10-_sort_pooled,0.0418611796223394,p005,seq_17825,RDRPDVR,CGGGACCGGCCCGACGTGCGG
Sox10-_sort_pooled,0.037964511068987,p005,seq_29259,HLSSKAQ,CACCTGAGCAGCAAGGCCCAG
Sox10-_sort_pooled,0.0354345360421411,p005,seq_9134,KLCPNNL,AAGCTGTGCCCCAACAACCTG
Sox10-_sort_pooled,0.0346096226596109,p005,seq_4481,ILEKTHN,ATCCTGGAGAAGACCCACAAC
Sox10-_sort_pooled,0.0345201631622201,p007,seq_81781,LDLSYSH,CTGGACCTGAGCTACAGCCAC
Sox10-_sort_pooled,0.0343147879080659,p007,seq_98771,QHVLKKL,CAGCACGTGCTGAAGAAGCTG
Sox10-_sort_pooled,0.032073370518612,p005,seq_37284,GLGAFFE,GGCCTGGGCGCCTTCTTCGAG
Sox10-_striatum,0.1502721464517069,p006,seq_1172384,FNVLFVS,TTTAATGTTTTGTTTGTTTCG
Sox10-_striatum,0.1502721464517069,p006,seq_949999,FNVLFVS,TTTAATGTTTTGTTTGTTTCG
Sox10-_striatum,0.1273385590197993,p006,seq_387243,TPEAYLS,ACTCCTGAGGCTTATCTTAGT
Sox10-_striatum,0.0938937446358157,p006,seq_165604,CLIHCYG,TGTCTTATTCATTGTTATGGG
Sox10-_striatum,0.0938937446358157,p006,seq_383003,CLIHCYG,TGTCTTATTCATTGTTATGGG
Sox10-_striatum,0.0833825176837397,p006,seq_37567,TNLSGVI,ACGAATCTTTCTGGGGTTATT
Sox10-_striatum,0.0833825176837397,p006,seq_97593,TNLSGVI,ACGAATCTTTCTGGGGTTATT
Sox10-_striatum,0.0705898951309843,p007,seq_7884,DFFSRVR,GACTTCTTCAGCCGGGTGCGG
Sox10-_striatum,0.0502207677382154,p007,seq_59264,ALALVAA,GCCCTGGCCCTGGTGGCCGCC
Sox10-_striatum,0.0455860185938997,p007,seq_81052,SDVAAAT,AGCGACGTGGCCGCCGCCACC
Sox10-_striatum,0.0442312459963483,p007,seq_90503,GPTEGAP,GGCCCCACCGAGGGCGCCCCC
Sox10-_striatum,0.0429953101593179,p007,seq_72818,ISPEHVA,ATCAGCCCCGAGCACGTGGCC
Sox10-_striatum,0.036197679819457,p007,seq_27525,ATATDAE,GCCACCGCCACCGACGCCGAG
Sox10-_striatum,0.0281985705974055,p006,seq_1191631,SVAVCGS,TCTGTGGCTGTTTGTGGGTCT
Sox10-_striatum,0.0281985705974055,p006,seq_965125,SVAVCGS,TCTGTGGCTGTTTGTGGGTCT
Sox10-_striatum,0.023708251075737,p007,seq_36787,DYGSCDP,GACTACGGCAGCTGCGACCCC
Sox10-_striatum,0.0229429561900449,p006,seq_29549,MCRLVPT,ATGTGTCGTCTTGTGCCGACT
Sox10-_striatum,0.0229429561900449,p006,seq_32019,MCRLVPT,ATGTGTCGTCTTGTGCCGACT
Sox10-_striatum,0.0210318245249343,p006,seq_41673,EEYTRTS,GAGGAGTACACCCGGACCAGC
Sox10-_striatum,0.0210318245249343,p006,seq_64562,EEYTRTS,GAGGAGTACACCCGGACCAGC
Sox10-_striatum,0.0207929328339649,p006,seq_256730,FYRFIFH,TTTTATAGGTTTATTTTTCAT
Sox10-_striatum,0.0207929328339649,p006,seq_311943,FYRFIFH,TTTTATAGGTTTATTTTTCAT
Sox10-_striatum,0.0188818002375317,p006,seq_17728,LNTVFHF,TTGAATACTGTTTTTCATTTT
Sox10-_striatum,0.0188818002375317,p006,seq_52300,LNTVFHF,TTGAATACTGTTTTTCATTTT
Sox10-_striatum,0.0184040168555928,p006,seq_15112,MVDSLYC,ATGGTGGATTCTCTGTATTGT
Stria_medularis,0.4931159476439158,p006,seq_140107,VQVVLMP,GTGCAGGTGGTTTTGATGCCG
Stria_medularis,0.4931159476439158,p006,seq_92723,VQVVLMP,GTGCAGGTGGTTTTGATGCCG
Stria_medularis,0.4733042447855978,p005,seq_33511,FTWTGAS,TTCACCTGGACCGGCGCCAGC
Stria_medularis,0.3214596524125054,p007,seq_23622,EPAAGLL,GAGCCCGCCGCCGGCCTGCTG
Stria_medularis,0.2065771534329369,p007,seq_10602,TLFGYSV,ACCCTGTTCGGCTACAGCGTG
Stria_medularis,0.1825890271952658,p005,seq_5059,KHRRGTP,AAGCACCGGCGGGGCACCCCC
Stria_medularis,0.1745047598174124,p005,seq_14214,SSGIGKT,AGCAGCGGCATCGGCAAGACC
Stria_medularis,0.1542537241271047,p005,seq_28500,AKTGETS,GCCAAGACCGGCGAGACCAGC
Stria_medularis,0.1439139633661224,p007,seq_65482,LPELLEE,CTGCCCGAGCTGCTGGAGGAG
Stria_medularis,0.1151933386212303,p007,seq_63898,TWGKVYW,ACCTGGGGCAAGGTGTACTGG
Stria_medularis,0.1099714054947807,p007,seq_71647,RISKPGA,CGGATCAGCAAGCCCGGCGCC
Stria_medularis,0.0734178810602142,p007,seq_104000,DRVESGA,GACCGGGTGGAGAGCGGCGCC
Stria_medularis,0.0577520816808655,p007,seq_27525,ATATDAE,GCCACCGCCACCGACGCCGAG
Stria_medularis,0.0551411151176407,p007,seq_48243,SGHVTCE,AGCGGCCACGTGACCTGCGAG
Stria_medularis,0.0473082191532566,p007,seq_115054,EDPINDG,GAGGACCCCATCAACGACGGC
Stria_medularis,0.042086286026807,p007,seq_77277,DHDRYRD,GACCACGACCGGTACCGGGAC
Stria_medularis,0.03686435383168,p007,seq_46692,GALVATP,GGCGCCCTGGTGGCCACCCCC
Stria_medularis,0.03686435383168,p007,seq_108541,LHVHGGG,CTGCACGTGCACGGCGGCGGC
Stria_medularis,0.031642421636553,p007,seq_63460,RRGKLAP,CGGCGGGGCAAGCTGGCCCCC
Stria_medularis,0.031642421636553,p007,seq_46774,QCAAGCT,CAGTGCGCCGCCGGCTGCACC
Stria_medularis,0.0290314560046508,p007,seq_17762,NVTETFN,AACGTGACCGAGACCTTCAAC
Stria_medularis,0.0290314560046508,p007,seq_82151,NSRDEVA,AACAGCCGGGACGAGGTGGCC
Stria_medularis,0.0264204899070873,p007,seq_33172,VTRLRRE,GTGACCCGGCTGCGGCGGGAG
Stria_medularis,0.0264204899070873,p007,seq_35876,VRTVGTS,GTGCGGACCGTGGGCACCAGC
Stria_medularis,0.0264204899070873,p007,seq_40208,GPAKARV,GGCCCCGCCAAGGCCCGGGTG
Striatal_ventricle,0.5068882192884173,p006,seq_140107,VQVVLMP,GTGCAGGTGGTTTTGATGCCG
Striatal_ventricle,0.5068882192884173,p006,seq_92723,VQVVLMP,GTGCAGGTGGTTTTGATGCCG
Striatal_ventricle,0.4459219674269358,p007,seq_23622,EPAAGLL,GAGCCCGCCGCCGGCCTGCTG
Striatal_ventricle,0.2624113510052363,p007,seq_65482,LPELLEE,CTGCCCGAGCTGCTGGAGGAG
Striatal_ventricle,0.2077458519635238,p005,seq_4812,ADDPAFL,GCCGACGACCCCGCCTTCCTG
Striatal_ventricle,0.2039007047812144,p007,seq_82151,NSRDEVA,AACAGCCGGGACGAGGTGGCC
Striatal_ventricle,0.1666666666666666,p007,seq_71647,RISKPGA,CGGATCAGCAAGCCCGGCGCC
Striatal_ventricle,0.0939118582901992,p005,seq_28500,AKTGETS,GCCAAGACCGGCGAGACCAGC
Striatal_ventricle,0.0921985792617003,p007,seq_104000,DRVESGA,GACCGGGTGGAGAGCGGCGCC
Striatal_ventricle,0.0864379052219428,p005,seq_29039,YPLVGAM,TACCCCCTGGTGGGCGCCATG
Striatal_ventricle,0.084785016268257,p005,seq_8537,GRAVSLP,GGCCGGGCCGTGAGCCTGCCC
Striatal_ventricle,0.0784609038529433,p005,seq_33511,FTWTGAS,TTCACCTGGACCGGCGCCAGC
Striatal_ventricle,0.0523049642021457,p007,seq_97809,YHGYSCD,TACCACGGCTACAGCTGCGAC
Striatal_ventricle,0.0496453900511066,p007,seq_72265,SWNRRYG,AGCTGGAACCGGCGGTACGGC
Striatal_ventricle,0.0469858154344062,p007,seq_77277,DHDRYRD,GACCACGACCGGTACCGGGAC
Striatal_ventricle,0.0469858154344062,p007,seq_46774,QCAAGCT,CAGTGCGCCGCCGGCTGCACC
Striatal_ventricle,0.0443262410505364,p007,seq_17762,NVTETFN,AACGTGACCGAGACCTTCAAC
Striatal_ventricle,0.0443262410505364,p007,seq_46692,GALVATP,GGCGCCCTGGTGGCCACCCCC
Striatal_ventricle,0.0443262410505364,p007,seq_14952,LLTAIPT,CTGCTGACCGCCATCCCCACC
Striatal_ventricle,0.0428159143922366,p005,seq_37719,GQLLHNT,GGCCAGCTGCTGCACAACACC
Striatal_ventricle,0.0349826421735324,p005,seq_3929,LAQLISA,CTGGCCCAGCTGATCAGCGCC
Striatal_ventricle,0.0311738029269017,p005,seq_37051,RGEEIRV,CGGGGCGAGGAGATCCGGGTG
Striatal_ventricle,0.0285866670457162,p005,seq_20858,LDLTSFV,CTGGACCTGACCAGCTTCGTG
Striatal_ventricle,0.0274368282554187,p005,seq_14214,SSGIGKT,AGCAGCGGCATCGGCAAGACC
Striatal_ventricle,0.0262869894651212,p005,seq_27475,NGIIKGP,AACGGCATCATCAAGGGCCCC
